﻿<?xml version='1.0' encoding='UTF-8'?>
<dd:deploy xmlns:dd="http://www.apache.org/ode/schemas/dd/2007/03"><dd:process xmlns:Valtakirja_Edit_Form="http://www.intalio.com/gi/Forms/Valtakirja_Edit_Form.gi" xmlns:dd="http://www.apache.org/ode/schemas/dd/2007/03" xmlns:diag="http://www.arcusys.fi/Processes/MuokkaaValtakirjaa" xmlns:tns="http://www.arcusys.fi/Valtakirja" xmlns:xs="http://www.w3.org/2001/XMLSchema" xmlns:Antaja="http://www.arcusys.fi/Processes/MuokkaaValtakirjaa/Antaja" xmlns:KokuValtakirjaProcessingServiceImpl="http://soa.tiva.koku.arcusys.fi/" xmlns:attachments="http://www.intalio.com/gi/Forms/Valtakirja_Edit_Form.gi/attachments" xmlns:this="http://www.arcusys.fi/Processes/MuokkaaValtakirjaa/Prosessi" xmlns:Palvelut="http://www.arcusys.fi/Processes/MuokkaaValtakirjaa/Palvelut" xmlns:xsi="http://www.w3.org/2001/XMLSchema-instance" name="this:Prosessi" fileName="Processes/MuokkaaValtakirjaa-Prosessi.bpel">
  <dd:property name="PATH">Processes/MuokkaaValtakirjaa</dd:property>
  <dd:property name="SVG">Processes/MuokkaaValtakirjaa.svg</dd:property>
  <dd:provide partnerLink="prosessiAndAntajaForPortTypeProcessPlkVar">
    <dd:service name="this:ProsessiAndAntajaForPortTypeProcessPlkService" port="Prosessi_for_AntajaPort"></dd:service>
  </dd:provide>
  <dd:invoke partnerLink="palvelutAndProsessiForKokuValtakirjaProcessingServicePortPlkVar">
    <dd:service name="KokuValtakirjaProcessingServiceImpl:KokuValtakirjaProcessingService" port="KokuValtakirjaProcessingServicePort"></dd:service>
  </dd:invoke>
</dd:process><dd:process xmlns:TokenService="http://tempo.intalio.org/security/tokenService/" xmlns:Valtakirja_Decision_Form1="http://www.intalio.com/gi/Forms/Valtakirja_Decision_Form.gi" xmlns:Valtakirja_Decision_Form="http://www.intalio.com/gi/Forms/Valtakirja_Decision_Form.gi/attachments" xmlns:xs="http://www.w3.org/2001/XMLSchema" xmlns:KokuValtakirjaProcessingServiceImpl="http://soa.tiva.koku.arcusys.fi/" xmlns:Palvelut="http://www.arcusys.fi/Processes/Valtakirja/Palvelut" xmlns:Vastaanottaja="http://www.arcusys.fi/Processes/Valtakirja/Vastaanottaja" xmlns:Valtakirja_Form="http://www.intalio.com/gi/Forms/Valtakirja_Form.gi" xmlns:dd="http://www.apache.org/ode/schemas/dd/2007/03" xmlns:diag="http://www.arcusys.fi/Processes/Valtakirja" xmlns:tns="http://www.arcusys.fi/Valtakirja" xmlns:TaskManagementSystem="http://www.intalio.com/BPMS/Workflow/TaskManagementServices-20051109/" xmlns:Antaja="http://www.arcusys.fi/Processes/Valtakirja/Antaja" xmlns:attachments="http://www.intalio.com/gi/Forms/Valtakirja_Form.gi/attachments" xmlns:this="http://www.arcusys.fi/Processes/Valtakirja/Prosessi" xmlns:UsersAndGroupsServiceImpl="http://soa.common.koku.arcusys.fi/" xmlns:xsi="http://www.w3.org/2001/XMLSchema-instance" name="this:Prosessi" fileName="Processes/Valtakirja-Prosessi.bpel">
  <dd:property name="PATH">Processes/Valtakirja</dd:property>
  <dd:property name="SVG">Processes/Valtakirja.svg</dd:property>
  <dd:provide partnerLink="prosessiAndAntajaForPortTypeProcessPlkVar">
    <dd:service name="this:ProsessiAndAntajaForPortTypeProcessPlkService" port="Prosessi_for_AntajaPort"></dd:service>
  </dd:provide>
  <dd:provide partnerLink="wFmagic_ewNt8sfnEeCzoqUlxCUkxgPlkVar">
    <dd:service name="this:WFmagic_ewNt8sfnEeCzoqUlxCUkxgService" port="Prosessi_for_VastaanottajaForThePortTypeProcessPort"></dd:service>
  </dd:provide>
  <dd:invoke partnerLink="wFmagic_ewNt8sfnEeCzoqUlxCUkxgPlkVar">
    <dd:service name="Valtakirja_Decision_Form1:WorkflowSoapService" port="Valtakirja_Decision_FormPort"></dd:service>
  </dd:invoke>
  <dd:invoke partnerLink="palvelutAndProsessiForKokuValtakirjaProcessingServicePortPlkVar">
    <dd:service name="KokuValtakirjaProcessingServiceImpl:KokuValtakirjaProcessingService" port="KokuValtakirjaProcessingServicePort"></dd:service>
  </dd:invoke>
  <dd:invoke partnerLink="palvelutAndProsessiForUsersAndGroupsServicePortPlkVar">
    <dd:service name="UsersAndGroupsServiceImpl:UsersAndGroupsService" port="UsersAndGroupsServicePort"></dd:service>
  </dd:invoke>
  <dd:invoke partnerLink="palvelutAndProsessiForPortServicePlkVar">
    <dd:service name="TokenService:TokenService" port="Service"></dd:service>
  </dd:invoke>
  <dd:invoke partnerLink="palvelutAndProsessiForPortTaskManagementServicesSOAPPlkVar">
    <dd:service name="TaskManagementSystem:TaskManagementServices" port="TaskManagementServicesSOAP"></dd:service>
  </dd:invoke>
</dd:process></dd:deploy>