﻿<?xml version='1.0' encoding='UTF-8'?>
<dd:deploy xmlns:dd="http://www.apache.org/ode/schemas/dd/2007/03"><dd:process xmlns:dd="http://www.apache.org/ode/schemas/dd/2007/03" xmlns:diag="http://soa.kv.koku.arcusys.fi/Processes/Kayttajaviestinta" xmlns:tns="http://soa.kv.koku.arcusys.fi/" xmlns:Käyttäjä="http://soa.kv.koku.arcusys.fi/Processes/Kayttajaviestinta/Käyttäjä" xmlns:xs="http://www.w3.org/2001/XMLSchema" xmlns:Kayttajaviestinta_init_Form="http://www.intalio.com/gi/Forms/Kayttajaviestinta_init_Form.gi" xmlns:attachments="http://www.intalio.com/gi/Forms/Kayttajaviestinta_init_Form.gi/attachments" xmlns:this="http://soa.kv.koku.arcusys.fi/Processes/Kayttajaviestinta/Prosessi" xmlns:Palvelut="http://soa.kv.koku.arcusys.fi/Processes/Kayttajaviestinta/Palvelut" xmlns:UsersAndGroupsServiceImpl="http://soa.common.koku.arcusys.fi/" xmlns:xsi="http://www.w3.org/2001/XMLSchema-instance" name="this:Prosessi" fileName="Processes/Kayttajaviestinta-Prosessi.bpel">
  <dd:property name="PATH">Processes/Kayttajaviestinta</dd:property>
  <dd:property name="SVG">Processes/Kayttajaviestinta.svg</dd:property>
  <dd:provide partnerLink="prosessiAndKäyttäjäForPortTypeProcessPlkVar">
    <dd:service name="this:ProsessiAndKäyttäjäForPortTypeProcessPlkService" port="Prosessi_for_KäyttäjäPort"></dd:service>
  </dd:provide>
  <dd:invoke partnerLink="prosessiAndPalvelutForUsersAndGroupsServicePortPlkVar">
    <dd:service name="UsersAndGroupsServiceImpl:UsersAndGroupsService" port="UsersAndGroupsServicePort"></dd:service>
  </dd:invoke>
  <dd:invoke partnerLink="prosessiAndPalvelutForKokuMessageProcessingServicePortPlkVar">
    <dd:service name="tns:KokuMessageProcessingService" port="KokuMessageProcessingServicePort"></dd:service>
  </dd:invoke>
</dd:process></dd:deploy>