﻿<?xml version='1.0' encoding='UTF-8'?>
<dd:deploy xmlns:dd="http://www.apache.org/ode/schemas/dd/2007/03"><dd:process xmlns:KokuAppointmentProcessingServiceImpl="http://soa.kv.koku.arcusys.fi/" xmlns:Ajanvaraus_receive_Form="http://www.intalio.com/gi/Forms/Ajanvaraus_receive_Form.gi" xmlns:xs="http://www.w3.org/2001/XMLSchema" xmlns:Palvelut="http://www.arcusys.fi/Processes/AjanvarausRecipient-process/Palvelut" xmlns:KokuAppointmentProcessingServiceImpl1="http://soa.av.koku.arcusys.fi/" xmlns:dd="http://www.apache.org/ode/schemas/dd/2007/03" xmlns:diag="http://www.arcusys.fi/Processes/AjanvarausRecipient-process" xmlns:tns="http://www.arcusys.fi/KOKU/Ajanvaraus" xmlns:Kuntalainen="http://www.arcusys.fi/Processes/AjanvarausRecipient-process/Kuntalainen" xmlns:attachments="http://www.intalio.com/gi/Forms/Ajanvaraus_receive_Form.gi/attachments" xmlns:this="http://www.arcusys.fi/Processes/AjanvarausRecipient-process/s" xmlns:UsersAndGroupsServiceImpl="http://soa.common.koku.arcusys.fi/" xmlns:xsi="http://www.w3.org/2001/XMLSchema-instance" name="this:s" fileName="Processes/AjanvarausRecipient-process-s.bpel">
  <dd:property name="PATH">Processes/AjanvarausRecipient-process</dd:property>
  <dd:property name="SVG">Processes/AjanvarausRecipient-process.svg</dd:property>
  <dd:provide partnerLink="sAndKuntalainenForPortTypeProcessPlkVar">
    <dd:service name="this:sAndKuntalainenForPortTypeProcessPlkService" port="s_for_KuntalainenPort"></dd:service>
  </dd:provide>
  <dd:invoke partnerLink="sAndPalvelutForUsersAndGroupsServicePortPlkVar">
    <dd:service name="UsersAndGroupsServiceImpl:UsersAndGroupsService" port="UsersAndGroupsServicePort"></dd:service>
  </dd:invoke>
  <dd:invoke partnerLink="sAndPalvelutForKokuAppointmentProcessingServicePortPlkVar">
    <dd:service name="KokuAppointmentProcessingServiceImpl1:KokuAppointmentProcessingService" port="KokuAppointmentProcessingServicePort"></dd:service>
  </dd:invoke>
</dd:process><dd:process xmlns:Ajanvaraus_Init_Form="http://www.intalio.com/gi/Forms/Ajanvaraus_Init_Form.gi" xmlns:Virkailija="http://www.arcusys.fi/Processes/AjanvarausInit-Process/Virkailija" xmlns:KokuAppointmentProcessingServiceImpl="http://soa.kv.koku.arcusys.fi/" xmlns:xs="http://www.w3.org/2001/XMLSchema" xmlns:Palvelut="http://www.arcusys.fi/Processes/AjanvarausInit-Process/Palvelut" xmlns:KokuAppointmentProcessingServiceImpl1="http://soa.av.koku.arcusys.fi/" xmlns:dd="http://www.apache.org/ode/schemas/dd/2007/03" xmlns:diag="http://www.arcusys.fi/Processes/AjanvarausInit-Process" xmlns:tns="http://www.arcusys.fi/KOKU/Ajanvaraus" xmlns:attachments="http://www.intalio.com/gi/Forms/Ajanvaraus_Init_Form.gi/attachments" xmlns:this="http://www.arcusys.fi/Processes/AjanvarausInit-Process/Prosessi" xmlns:UsersAndGroupsServiceImpl="http://soa.common.koku.arcusys.fi/" xmlns:xsi="http://www.w3.org/2001/XMLSchema-instance" name="this:Prosessi" fileName="Processes/AjanvarausInit-Process-Prosessi.bpel">
  <dd:property name="PATH">Processes/AjanvarausInit-Process</dd:property>
  <dd:property name="SVG">Processes/AjanvarausInit-Process.svg</dd:property>
  <dd:provide partnerLink="prosessiAndVirkailijaForPortTypeProcessPlkVar">
    <dd:service name="this:ProsessiAndVirkailijaForPortTypeProcessPlkService" port="Prosessi_for_VirkailijaPort"></dd:service>
  </dd:provide>
  <dd:invoke partnerLink="prosessiAndPalvelutForUsersAndGroupsServicePortPlkVar">
    <dd:service name="UsersAndGroupsServiceImpl:UsersAndGroupsService" port="UsersAndGroupsServicePort"></dd:service>
  </dd:invoke>
  <dd:invoke partnerLink="prosessiAndPalvelutForKokuAppointmentProcessingServicePortPlkVar">
    <dd:service name="KokuAppointmentProcessingServiceImpl1:KokuAppointmentProcessingService" port="KokuAppointmentProcessingServicePort"></dd:service>
  </dd:invoke>
</dd:process></dd:deploy>