﻿<?xml version='1.0' encoding='UTF-8'?>
<serialization xmlns="urn:tibco.com/v3.0" jsxversion="3.6">
  <name/>
  <icon/>
  <description/>
  <onBeforeDeserialize/>
  <onAfterDeserialize/>
  <object type="jsx3.gui.Block">
    <variants jsxwidth="900" jsxoverflow="1"/>
    <strings jsxheight="100%" jsxstyleoverride="overflow-x:hidden;   overflow-y:auto;" jsxname="root"/>
    <object type="jsx3.gui.Block">
      <variants jsxheight="18" jsxoverflow="3"/>
      <strings jsxwidth="100%" jsxdisplay="none" jsxname="IntalioInternal_AttachmentsImageBlock"/>
      <object type="jsx3.gui.LayoutGrid">
        <variants jsxtop="0" jsxleft="0" jsxoverflow="2" jsxrelativeposition="0"/>
        <strings jsxcols="16,*" jsxheight="100%" jsxwidth="100%" jsxname="IntalioInternal_Layout"/>
        <object type="jsx3.gui.Block">
          <variants/>
          <strings jsxheight="100%" jsxwidth="100%" jsxname="IntalioInternal_Pane"/>
          <object type="jsx3.gui.Image">
            <variants/>
            <strings jsxsrc="images/attachments.gif" jsxdisplay="" jsxname="IntalioInternal_Image"/>
            <events jsxclick="Intalio.Internal.Attachments.displayAttachmentsBlock(true); "/>
          </object>
        </object>
        <object type="jsx3.gui.Block">
          <variants/>
          <strings jsxheight="100%" jsxwidth="100%" jsxtextalign="right" jsxname="IntalioInternal_Pane"/>
          <object type="jsx3.gui.Image">
            <variants/>
            <strings jsxsrc="images/close.png" jsxdisplay="none" jsxname="IntalioInternal_CloseImage"/>
            <events jsxclick="Intalio.Internal.Attachments.displayAttachmentsBlock(false);"/>
          </object>
        </object>
      </object>
    </object>
    <object type="jsx3.gui.Block">
      <variants jsxoverflow="3"/>
      <strings jsxwidth="100%" jsxdisplay="none" jsxname="IntalioInternal_AttachmentsBlock"/>
      <object type="jsx3.gui.Block">
        <variants/>
        <strings jsxwidth="100%" jsxdisplay="" jsxname="IntalioInternal_AttachmentsMatrixBlock" jsxborder="1px solid black; 1px solid black; none; 1px solid black;"/>
        <object type="jsx3.gui.Matrix">
          <variants jsxsuppressvscroll="1" jsxreorder="0" jsxselectionmodel="0" jsxpagingmodel="0" jsxjsxxmlasync="1"/>
          <strings jsxxmlid="IntalioInternal_Attachments" jsxname="IntalioInternal_AttachmentsMatrix"/>
          <events jsxbeforeedit="false;"/>
          <xslparameters jsx_rowbg2="#efefff" jsx_rowbg1="#ffffff"/>
          <object type="jsx3.gui.Matrix.Column">
            <variants/>
            <strings jsxpath="IntalioInternal_RemoveImage" jsxwidth="5%" jsxcellborder="none; 1px solid black; 1px solid black; none;" jsxformathandler="@unescape" jsxcelltextalign="center" jsxname="IntalioInternal_TextColumn" jsxborder="none; 1px solid black; 1px solid black; none;" jsxvaluetemplate="@unescape" jsxcellvalign="middle"/>
          </object>
          <object type="jsx3.gui.Matrix.Column">
            <variants/>
            <strings jsxpath="IntalioInternal_Title" jsxwidth="55%" jsxformathandler="@unescape" jsxname="IntalioInternal_TextColumn" jsxborder="none; 1px solid black; 1px solid black; none;" jsxcellpadding="3" jsxfontweight="bold" jsxpadding="2" jsxcellborder="none; 1px solid black; 1px solid black; none;" jsxtextalign="center" jsxsortdatatype="text" jsxvaluetemplate="@unescape" jsxtext="Title"/>
          </object>
          <object type="jsx3.gui.Matrix.Column">
            <variants/>
            <strings jsxpath="IntalioInternal_MimeType" jsxwidth="20%" jsxformathandler="@unescape" jsxname="IntalioInternal_TextColumn" jsxborder="none; 1px solid black; 1px solid black; none;" jsxcellpadding="3" jsxfontweight="bold" jsxpadding="2" jsxcellborder="none; 1px solid black; 1px solid black; none;" jsxtextalign="center" jsxsortdatatype="text" jsxvaluetemplate="@unescape" jsxtext="MIME Type"/>
          </object>
          <object type="jsx3.gui.Matrix.Column">
            <variants/>
            <strings jsxpath="IntalioInternal_CreationDate" jsxwidth="20%" jsxformathandler="@unescape" jsxname="IntalioInternal_TextColumn" jsxborder="none; 1px solid black; 1px solid black; none;" jsxcellpadding="3" jsxfontweight="bold" jsxpadding="2" jsxcellborder="none; 1px solid black; 1px solid black; none;" jsxtextalign="center" jsxsortdatatype="text" jsxvaluetemplate="@unescape" jsxtext="Create Date"/>
          </object>
        </object>
      </object>
      <object type="jsx3.gui.Block">
        <variants jsxoverflow="3"/>
        <strings jsxwidth="100%" jsxdisplay="" jsxname="IntalioInternal_AttachmentsFormBlock"/>
        <object type="jsx3.gui.Block">
          <variants jsxoverflow="3"/>
          <strings jsxwidth="100%" jsxdisplay="" jsxname="IntalioInternal_AttachmentsFormLabel"/>
        </object>
        <object type="jsx3.gui.Block">
          <variants jsxoverflow="3"/>
          <strings jsxdisplay="none" jsxname="IntalioInternal_AttachmentsUrl"/>
        </object>
      </object>
    </object>
    <object type="jsx3.gui.Block">
      <variants/>
      <strings jsxwidth="100%" jsxpadding="5 10 0 10" jsxname="header" jsxrelativeposition="1"/>
      <object type="jsx3.gui.Block">
        <variants jsxrelativeposition="1"/>
        <strings jsxwidth="100%" jsxdisplay="none" jsxname="form-title" jsxclassname="form-title" jsxtext="Lomake"/>
      </object>
      <object type="jsx3.gui.Block">
        <variants jsxoverflow="3" jsxrelativeposition="1"/>
        <strings jsxdisplay="none" jsxname="counter" jsxtext="0"/>
      </object>
      <object type="jsx3.gui.TextBox">
        <variants/>
        <strings jsxvalue="" jsxdisplay="none" jsxname="multipleChoiceCounter" jsxmargin="0 4 0 0"/>
        <events jsxfocus="com.intalio.ria.highlightTextInput(this, false);" jsxblur="com.intalio.ria.highlightTextInput(this, true);"/>
      </object>
      <object type="jsx3.gui.Button">
        <variants jsxindex="0" jsxheight="18"/>
        <strings jsxdisplay="none" jsxname="button" jsxmargin="0 4 0 0" jsxtext="Piirrä"/>
        <events jsxexecute="createFields();"/>
      </object>
    </object>
    <object type="com.intalio.ria.Section">
      <variants/>
      <strings jsxdisplay="none" riaTitleText="Kenttien lisääminen" jsxname="fieldset" jsxclassname="fieldset"/>
      <object type="jsx3.gui.Block">
        <variants jsxtop="0" jsxleft="0" jsxheight="320" jsxwidth="720" jsxoverflow="2" jsxrelativeposition="1"/>
        <strings jsxdisplay="" jsxname="pane" jsxvisibility=""/>
        <dynamics jsxborder="@No jsxborder"/>
        <object type="jsx3.gui.LayoutGrid">
          <variants jsxtop="0" jsxleft="0" jsxoverflow="2" jsxrelativeposition="0"/>
          <strings jsxheight="100%" jsxwidth="100%" jsxrows="15%,20%,8%,8%,8%,15%,15%" jsxname="layout (--)"/>
          <object type="jsx3.gui.Block">
            <variants jsxoverflow="2"/>
            <strings jsxheight="100%" jsxwidth="100%" jsxname="pane"/>
            <dynamics jsxborder="@No jsxborder"/>
            <object type="jsx3.gui.LayoutGrid">
              <variants jsxtop="0" jsxleft="0" jsxoverflow="2" jsxrelativeposition="0"/>
              <strings jsxcols="*" jsxheight="100%" jsxwidth="100%" jsxname="layout ( | )"/>
              <object type="jsx3.gui.Block">
                <variants jsxoverflow="2"/>
                <strings jsxheight="100%" jsxwidth="100%" jsxname="pane"/>
                <dynamics jsxborder="@No jsxborder"/>
                <object type="jsx3.gui.Block">
                  <variants jsxoverflow="3" jsxrelativeposition="1"/>
                  <strings jsxname="label" jsxclassname="FormLabel" jsxtext="Tekstisektion otsikko"/>
                </object>
                <object type="com.intalio.ria.Field">
                  <variants/>
                  <strings riaLabelText="[Text input label]" jsxname="tekstikentanOtsikko-field" riaErrorImageSrc="images/error.gif" jsxclassname="field" riaHelpImageSrc="images/help.gif"/>
                  <object type="jsx3.gui.TextBox">
                    <variants jsxwidth="400"/>
                    <strings jsxvalue="Kevään luokkaretki" jsxname="tekstikentanOtsikko" jsxmargin="0 4 0 0"/>
                    <events jsxincchange="com.intalio.ria.validate(this, objEVENT);" jsxfocus="com.intalio.ria.highlightTextInput(this, false);" jsxchange="com.intalio.ria.validate(this, objEVENT);" jsxblur="com.intalio.ria.highlightTextInput(this, true);"/>
                  </object>
                </object>
              </object>
            </object>
          </object>
          <object type="jsx3.gui.Block">
            <variants jsxoverflow="2"/>
            <strings jsxheight="100%" jsxwidth="100%" jsxname="pane"/>
            <dynamics jsxborder="@No jsxborder"/>
            <object type="jsx3.gui.LayoutGrid">
              <variants jsxtop="0" jsxleft="0" jsxoverflow="2" jsxrelativeposition="0"/>
              <strings jsxcols="*" jsxheight="100%" jsxwidth="100%" jsxname="layout ( | )"/>
              <object type="jsx3.gui.Block">
                <variants jsxoverflow="2"/>
                <strings jsxheight="100%" jsxwidth="100%" jsxname="pane"/>
                <dynamics jsxborder="@No jsxborder"/>
                <object type="jsx3.gui.Block">
                  <variants jsxoverflow="3" jsxrelativeposition="1"/>
                  <strings jsxname="label" jsxclassname="FormLabel" jsxtext="Kysymys"/>
                </object>
                <object type="com.intalio.ria.Field">
                  <variants/>
                  <strings riaLabelText="[Text input label]" jsxname="kysymys-field" riaErrorImageSrc="images/error.gif" jsxclassname="field" riaHelpImageSrc="images/help.gif"/>
                  <object type="jsx3.gui.TextBox">
                    <variants jsxwidth="400"/>
                    <strings jsxvalue="Osallistuuko lapsenne luokkaretkeen?" jsxname="kysymys" jsxmargin="0 4 0 0"/>
                    <events jsxincchange="com.intalio.ria.validate(this, objEVENT);" jsxfocus="com.intalio.ria.highlightTextInput(this, false);" jsxchange="com.intalio.ria.validate(this, objEVENT);" jsxblur="com.intalio.ria.highlightTextInput(this, true);"/>
                  </object>
                </object>
              </object>
            </object>
          </object>
          <object type="jsx3.gui.Block">
            <variants jsxoverflow="2"/>
            <strings jsxheight="100%" jsxwidth="100%" jsxname="pane"/>
            <dynamics jsxborder="@No jsxborder"/>
            <object type="jsx3.gui.LayoutGrid">
              <variants jsxtop="0" jsxleft="0" jsxoverflow="2" jsxrelativeposition="0"/>
              <strings jsxcols="*" jsxheight="100%" jsxwidth="100%" jsxname="layout ( | )"/>
              <object type="jsx3.gui.Block">
                <variants jsxoverflow="2"/>
                <strings jsxheight="100%" jsxwidth="100%" jsxname="pane"/>
                <dynamics jsxborder="@No jsxborder"/>
                <object type="jsx3.gui.Block">
                  <variants jsxoverflow="3" jsxrelativeposition="1"/>
                  <strings jsxname="label" jsxclassname="FormLabel" jsxtext="Vastaustyyppi"/>
                </object>
              </object>
            </object>
          </object>
          <object type="jsx3.gui.Block">
            <variants jsxoverflow="2"/>
            <strings jsxheight="100%" jsxwidth="100%" jsxname="pane"/>
            <dynamics jsxborder="@No jsxborder"/>
            <object type="jsx3.gui.LayoutGrid">
              <variants jsxtop="0" jsxleft="0" jsxoverflow="2" jsxrelativeposition="0"/>
              <strings jsxcols="6%,*" jsxheight="100%" jsxwidth="100%" jsxname="layout ( | )"/>
              <object type="jsx3.gui.Block">
                <variants jsxoverflow="2"/>
                <strings jsxheight="100%" jsxwidth="100%" jsxname="pane"/>
                <dynamics jsxborder="@No jsxborder"/>
                <object type="com.intalio.ria.Field">
                  <variants/>
                  <strings riaLabelText="[Text input label]" jsxname="vastausVapaa-field" riaErrorImageSrc="images/error.gif" jsxclassname="field" riaHelpImageSrc="images/help.gif"/>
                  <object type="jsx3.gui.CheckBox">
                    <variants jsxchecked="1" jsxheight="18"/>
                    <strings jsxname="vastausVapaa" jsxmargin="0 4 0 0"/>
                    <events jsxtoggle="form1.getJSXByName(&quot;vastausKyllaEi&quot;).setChecked(0).repaint();form1.getJSXByName(&quot;vastausVapaatVaihtoehdot&quot;).setChecked(0).repaint();"/>
                  </object>
                </object>
              </object>
              <object type="jsx3.gui.Block">
                <variants jsxoverflow="2"/>
                <strings jsxheight="100%" jsxwidth="100%" jsxpadding="6px" jsxname="pane"/>
                <dynamics jsxborder="@No jsxborder"/>
                <object type="jsx3.gui.Block">
                  <variants jsxoverflow="3" jsxrelativeposition="1"/>
                  <strings jsxname="label" jsxclassname="FormLabel" jsxtext="Vapaa tekstikenttä"/>
                </object>
              </object>
            </object>
          </object>
          <object type="jsx3.gui.Block">
            <variants jsxoverflow="2"/>
            <strings jsxheight="100%" jsxwidth="100%" jsxname="pane"/>
            <dynamics jsxborder="@No jsxborder"/>
            <object type="jsx3.gui.LayoutGrid">
              <variants jsxtop="0" jsxleft="0" jsxoverflow="2" jsxrelativeposition="0"/>
              <strings jsxcols="6%,*" jsxheight="100%" jsxwidth="100%" jsxname="layout ( | )"/>
              <object type="jsx3.gui.Block">
                <variants jsxoverflow="2"/>
                <strings jsxheight="100%" jsxwidth="100%" jsxname="pane"/>
                <dynamics jsxborder="@No jsxborder"/>
                <object type="com.intalio.ria.Field">
                  <variants/>
                  <strings riaLabelText="[Text input label]" jsxname="vastausKyllaEi-field" riaErrorImageSrc="images/error.gif" jsxclassname="field" riaHelpImageSrc="images/help.gif"/>
                  <object type="jsx3.gui.CheckBox">
                    <variants jsxchecked="0" jsxheight="18"/>
                    <strings jsxname="vastausKyllaEi" jsxmargin="0 4 0 0"/>
                    <events jsxtoggle="form1.getJSXByName(&quot;vastausVapaa&quot;).setChecked(0).repaint();form1.getJSXByName(&quot;vastausVapaatVaihtoehdot&quot;).setChecked(0).repaint();"/>
                  </object>
                </object>
              </object>
              <object type="jsx3.gui.Block">
                <variants jsxoverflow="2"/>
                <strings jsxheight="100%" jsxwidth="100%" jsxpadding="6px" jsxname="pane"/>
                <dynamics jsxborder="@No jsxborder"/>
                <object type="jsx3.gui.Block">
                  <variants jsxoverflow="3" jsxrelativeposition="1"/>
                  <strings jsxname="label" jsxclassname="FormLabel" jsxtext="Kyllä - Ei"/>
                </object>
              </object>
            </object>
          </object>
          <object type="jsx3.gui.Block">
            <variants jsxoverflow="2"/>
            <strings jsxheight="100%" jsxwidth="100%" jsxname="pane"/>
            <dynamics jsxborder="@No jsxborder"/>
            <object type="jsx3.gui.LayoutGrid">
              <variants jsxtop="0" jsxleft="0" jsxoverflow="2" jsxrelativeposition="0"/>
              <strings jsxcols="6%,*" jsxheight="100%" jsxwidth="100%" jsxname="layout ( | )"/>
              <object type="jsx3.gui.Block">
                <variants jsxoverflow="2"/>
                <strings jsxheight="100%" jsxwidth="100%" jsxname="pane"/>
                <dynamics jsxborder="@No jsxborder"/>
                <object type="com.intalio.ria.Field">
                  <variants/>
                  <strings riaLabelText="[Text input label]" jsxname="vastausVapaatVaihtoehdot-field" riaErrorImageSrc="images/error.gif" jsxclassname="field" riaHelpImageSrc="images/help.gif"/>
                  <object type="jsx3.gui.CheckBox">
                    <variants jsxchecked="0" jsxheight="18"/>
                    <strings jsxname="vastausVapaatVaihtoehdot" jsxmargin="0 4 0 0"/>
                    <events jsxtoggle="form1.getJSXByName(&quot;vastausVapaa&quot;).setChecked(0).repaint();form1.getJSXByName(&quot;vastausKyllaEi&quot;).setChecked(0).repaint();"/>
                  </object>
                </object>
              </object>
              <object type="jsx3.gui.Block">
                <variants jsxoverflow="2"/>
                <strings jsxheight="100%" jsxwidth="100%" jsxpadding="6px" jsxname="pane"/>
                <dynamics jsxborder="@No jsxborder"/>
                <object type="jsx3.gui.Block">
                  <variants jsxoverflow="3" jsxrelativeposition="1"/>
                  <strings jsxname="label" jsxclassname="FormLabel" jsxtext="Vapaavalintaiset vaihtoehdot"/>
                </object>
              </object>
            </object>
          </object>
          <object type="jsx3.gui.Block">
            <variants jsxoverflow="2"/>
            <strings jsxheight="100%" jsxwidth="100%" jsxname="pane"/>
            <dynamics jsxborder="@No jsxborder"/>
            <object type="jsx3.gui.LayoutGrid">
              <variants jsxtop="0" jsxleft="0" jsxoverflow="2" jsxrelativeposition="0"/>
              <strings jsxcols="*" jsxheight="100%" jsxwidth="100%" jsxname="layout ( | )"/>
              <object type="jsx3.gui.Block">
                <variants jsxoverflow="2"/>
                <strings jsxheight="100%" jsxwidth="100%" jsxname="pane"/>
                <dynamics jsxborder="@No jsxborder"/>
                <object type="jsx3.gui.Button">
                  <variants jsxindex="0" jsxheight="18"/>
                  <strings jsxname="button" jsxmargin="0 4 0 0" jsxtext="Lisää kysymys"/>
                  <events jsxexecute="inputSection(form1.getJSXByName(&quot;tekstikentanOtsikko&quot;).getValue(),form1.getJSXByName(&quot;kysymys&quot;).getValue());"/>
                </object>
              </object>
            </object>
          </object>
        </object>
      </object>
    </object>
    <object type="jsx3.gui.Block">
      <variants/>
      <strings jsxwidth="100%" jsxpadding="5 10 0 10" jsxdisplay="" jsxname="header" jsxrelativeposition="1"/>
      <object type="jsx3.gui.Block">
        <variants jsxrelativeposition="1"/>
        <strings jsxwidth="100%" jsxname="formHeaderLabel" jsxclassname="form-title-new" jsxtext=""/>
      </object>
    </object>
    <object type="com.intalio.ria.Section">
      <variants/>
      <strings jsxdisplay="" riaTitleText="Viestin tiedot" jsxname="User" jsxclassname="fieldset"/>
      <object type="jsx3.gui.Block">
        <variants jsxtop="0" jsxleft="0" jsxheight="140" jsxwidth="720" jsxoverflow="2" jsxrelativeposition="1"/>
        <strings jsxdisplay="" jsxname="pane" jsxvisibility=""/>
        <dynamics jsxborder="@No jsxborder"/>
        <object type="jsx3.gui.LayoutGrid">
          <variants jsxtop="0" jsxleft="0" jsxoverflow="2" jsxrelativeposition="0"/>
          <strings jsxheight="100%" jsxwidth="100%" jsxrows="33%,33%,*" jsxname="layout (--)" jsxbgcolor=""/>
          <object type="jsx3.gui.Block">
            <variants jsxoverflow="2"/>
            <strings jsxheight="100%" jsxwidth="100%" jsxname="pane"/>
            <dynamics jsxborder="@No jsxborder"/>
            <object type="jsx3.gui.LayoutGrid">
              <variants jsxtop="0" jsxleft="0" jsxoverflow="2" jsxrelativeposition="0"/>
              <strings jsxcols="*" jsxheight="100%" jsxwidth="100%" jsxname="layout ( | )"/>
              <object type="jsx3.gui.Block">
                <variants jsxoverflow="2"/>
                <strings jsxheight="100%" jsxwidth="100%" jsxname="pane"/>
                <dynamics jsxborder="@No jsxborder"/>
                <object type="jsx3.gui.Block">
                  <variants jsxoverflow="3" jsxrelativeposition="1"/>
                  <strings jsxname="label" jsxclassname="FormLabel" jsxtext="Lähettäjä"/>
                </object>
                <object type="com.intalio.ria.Field">
                  <variants/>
                  <strings riaLabelText="[Text input label]" jsxname="User_SenderDisplay-field" riaErrorImageSrc="images/error.gif" jsxclassname="field" riaHelpImageSrc="images/help.gif"/>
                  <object type="jsx3.gui.TextBox">
                    <variants jsxenabled="0" jsxwidth="300"/>
                    <strings jsxvalue="" jsxname="User_SenderDisplay" jsxmargin="0 4 0 0"/>
                    <events jsxincchange="com.intalio.ria.validate(this, objEVENT);" jsxfocus="com.intalio.ria.highlightTextInput(this, false);" jsxchange="com.intalio.ria.validate(this, objEVENT);" jsxblur="com.intalio.ria.highlightTextInput(this, true);"/>
                  </object>
                </object>
                <object type="com.intalio.ria.Field">
                  <variants/>
                  <strings riaLabelText="[Text input label]" jsxdisplay="none" jsxname="Header_Text-field" riaErrorImageSrc="images/error.gif" jsxclassname="field" riaHelpImageSrc="images/help.gif"/>
                  <object type="jsx3.gui.TextBox">
                    <variants jsxenabled="0" jsxwidth="300"/>
                    <strings jsxvalue="" jsxname="Header_Text" jsxmargin="0 4 0 0"/>
                    <events jsxincchange="com.intalio.ria.validate(this, objEVENT);" jsxfocus="com.intalio.ria.highlightTextInput(this, false);" jsxchange="com.intalio.ria.validate(this, objEVENT);" jsxblur="com.intalio.ria.highlightTextInput(this, true);"/>
                  </object>
                </object>
                <object type="com.intalio.ria.Field">
                  <variants/>
                  <strings riaLabelText="[Text input label]" jsxdisplay="none" jsxname="RequestProcessing_RequestID-field" riaErrorImageSrc="images/error.gif" jsxclassname="field" riaHelpImageSrc="images/help.gif"/>
                  <object type="jsx3.gui.TextBox">
                    <variants jsxenabled="0" jsxwidth="300"/>
                    <strings jsxvalue="" jsxname="RequestProcessing_RequestID" jsxmargin="0 4 0 0"/>
                    <events jsxincchange="com.intalio.ria.validate(this, objEVENT);" jsxfocus="com.intalio.ria.highlightTextInput(this, false);" jsxchange="com.intalio.ria.validate(this, objEVENT);" jsxblur="com.intalio.ria.highlightTextInput(this, true);"/>
                  </object>
                </object>
              </object>
            </object>
          </object>
          <object type="jsx3.gui.Block">
            <variants jsxoverflow="2"/>
            <strings jsxheight="100%" jsxwidth="100%" jsxname="pane"/>
            <dynamics jsxborder="@No jsxborder"/>
            <object type="jsx3.gui.LayoutGrid">
              <variants jsxtop="0" jsxleft="0" jsxoverflow="2" jsxrelativeposition="0"/>
              <strings jsxcols="*" jsxheight="100%" jsxwidth="100%" jsxname="layout ( | )"/>
              <object type="jsx3.gui.Block">
                <variants jsxoverflow="2"/>
                <strings jsxheight="100%" jsxwidth="100%" jsxname="pane"/>
                <dynamics jsxborder="@No jsxborder"/>
                <object type="jsx3.gui.Block">
                  <variants jsxoverflow="3" jsxrelativeposition="1"/>
                  <strings jsxname="label" jsxclassname="FormLabel" jsxtext="Vastaanottaja"/>
                </object>
                <object type="com.intalio.ria.Field">
                  <variants/>
                  <strings riaLabelText="[Text input label]" jsxname="User_RecipientDisplay-field" riaErrorImageSrc="images/error.gif" jsxclassname="field" riaHelpImageSrc="images/help.gif"/>
                  <object type="jsx3.gui.TextBox">
                    <variants jsxenabled="0" jsxwidth="300"/>
                    <strings jsxvalue="" jsxname="User_RecipientDisplay" jsxmargin="0 4 0 0"/>
                    <events jsxincchange="com.intalio.ria.validate(this, objEVENT);" jsxfocus="com.intalio.ria.highlightTextInput(this, false);" jsxchange="com.intalio.ria.validate(this, objEVENT);" jsxblur="com.intalio.ria.highlightTextInput(this, true);"/>
                  </object>
                </object>
              </object>
            </object>
          </object>
          <object type="jsx3.gui.Block">
            <variants jsxoverflow="2"/>
            <strings jsxheight="100%" jsxwidth="100%" jsxname="pane"/>
            <dynamics jsxborder="@No jsxborder"/>
            <object type="jsx3.gui.LayoutGrid">
              <variants jsxtop="0" jsxleft="0" jsxoverflow="2" jsxrelativeposition="0"/>
              <strings jsxcols="*" jsxheight="100%" jsxwidth="100%" jsxname="layout ( | )"/>
              <object type="jsx3.gui.Block">
                <variants jsxoverflow="2"/>
                <strings jsxheight="100%" jsxwidth="100%" jsxname="pane"/>
                <dynamics jsxborder="@No jsxborder"/>
                <object type="jsx3.gui.Block">
                  <variants jsxoverflow="3" jsxrelativeposition="1"/>
                  <strings jsxname="label" jsxclassname="FormLabel" jsxtext="Vastauksen määräaika"/>
                </object>
                <object type="com.intalio.ria.Field">
                  <variants/>
                  <strings riaLabelText="[Text input label]" jsxname="User_AnswerUntil-field" riaErrorImageSrc="images/error.gif" jsxclassname="field" riaHelpImageSrc="images/help.gif"/>
                  <object type="jsx3.gui.DatePicker">
                    <variants jsxenabled="0" jsxheight="18" jsxwidth="100" jsxrelativeposition="1"/>
                    <strings jsxformat="dd.MM.yyyy" jsxname="User_AnswerUntil" jsxmargin="0 4 0 0"/>
                  </object>
                </object>
              </object>
            </object>
          </object>
        </object>
      </object>
    </object>
    <object type="jsx3.gui.Block">
      <variants jsxheight="70" jsxoverflow="1"/>
      <strings jsxwidth="100%" jsxname="paneBlock" jsxrelativeposition="1"/>
      <object type="com.intalio.ria.Section">
        <variants/>
        <strings jsxdisplay="block" riaTitleText="Viesti" jsxname="block" jsxclassname="fieldset"/>
      </object>
    </object>
    <object type="com.intalio.ria.Section">
      <variants/>
      <strings jsxdisplay="none" riaTitleText="Lisätietoja" jsxname="Kommentti" jsxclassname="fieldset"/>
    </object>
    <object type="com.intalio.ria.Section">
      <variants/>
      <strings jsxdisplay="none" riaTitleText="Dynamic_Fields_Form" jsxname="Dynamic_Fields_Form" jsxclassname="fieldset"/>
      <object type="com.intalio.ria.Field">
        <variants/>
        <strings riaLabelText="TextInput" jsxname="TextInput-field" riaErrorImageSrc="images/error.gif" jsxclassname="field" riaHelpImageSrc="images/help.gif"/>
        <object type="jsx3.gui.Block">
          <variants jsxheight="110" jsxwidth="650" jsxoverflow="1"/>
          <strings jsxname="matrix-block" jsxrelativeposition="1"/>
          <object type="jsx3.gui.Matrix">
            <variants jsxautorow="1" jsxselectionmodel="0" jsxpagingmodel="1" jsxjsxxmlasync="1"/>
            <strings jsxbodyborder="1px solid #dfdfef" jsxheaderborder="1px solid #dfdfef" jsxxmlid="TextInput-nomap" jsxname="TextInput" jsxbgcolor="#efefff"/>
            <events jsxaftercommit="this.getParent().getParent().validate(this, objEVENT);"/>
            <xslparameters jsx_rowbg2="#efefff" jsx_rowbg1="#ffffff"/>
            <object type="jsx3.gui.Matrix.Column">
              <variants jsxwidth="50"/>
              <strings jsxcellpadding="1" jsxpadding="2" jsxtextalign="center" jsxname="deleteButtonColumn" jsxcelltextalign="center" jsxvaluetemplate="@empty" jsxtext="Delete"/>
              <dynamics jsxbg="@Bevel TopDown" jsxborder="@Outset" jsxbgcolor="@Solid Disabled"/>
              <object type="jsx3.gui.ImageButton">
                <variants jsxenabled="1" jsxstate="0" jsxheight="16" jsxwidth="16" jsxprefetch="1" jsxtype="0"/>
                <strings jsximage="jsx:///images/list/delete.gif" jsxname="deleteButtonMask"/>
                <events jsxexecute="this.getParent().getParent().deleteRecord(this.emGetSession().recordId, true);this.getParent().getParent().getParent().getParent().validate(this, objEVENT);"/>
              </object>
            </object>
            <object type="jsx3.gui.Matrix.Column">
              <variants/>
              <strings jsxcellpadding="3" jsxpath="TextInput_Question" jsxwidth="100" jsxpadding="2" jsxname="TextInput_Question" jsxtext="TextInput_Question"/>
              <dynamics jsxbg="@Bevel TopDown" jsxborder="@Outset" jsxbgcolor="@Solid Disabled"/>
              <object type="jsx3.gui.TextBox">
                <variants jsxtop="0" jsxleft="50" jsxheight="20" jsxwidth="100" jsxzindex="10" jsxrelativeposition="0"/>
                <strings jsxvalue="" jsxdisplay="none" jsxname="TextInput_Question"/>
                <events jsxincchange="com.intalio.ria.validate(this, objEVENT);" jsxfocus="com.intalio.ria.highlightTextInput(this, false);" jsxkeydown="1;" jsxchange="com.intalio.ria.validate(this, objEVENT);" jsxblur="com.intalio.ria.highlightTextInput(this, true);"/>
              </object>
            </object>
            <object type="jsx3.gui.Matrix.Column">
              <variants/>
              <strings jsxcellpadding="3" jsxpath="TextInput_Section" jsxwidth="100" jsxpadding="2" jsxname="TextInput_Section" jsxtext="TextInput_Section"/>
              <dynamics jsxbg="@Bevel TopDown" jsxborder="@Outset" jsxbgcolor="@Solid Disabled"/>
              <object type="jsx3.gui.TextBox">
                <variants jsxtop="0" jsxleft="150" jsxheight="20" jsxwidth="100" jsxzindex="10" jsxrelativeposition="0"/>
                <strings jsxvalue="" jsxdisplay="none" jsxname="TextInput_Section"/>
                <events jsxincchange="com.intalio.ria.validate(this, objEVENT);" jsxfocus="com.intalio.ria.highlightTextInput(this, false);" jsxkeydown="1;" jsxchange="com.intalio.ria.validate(this, objEVENT);" jsxblur="com.intalio.ria.highlightTextInput(this, true);"/>
              </object>
            </object>
            <object type="jsx3.gui.Matrix.Column">
              <variants/>
              <strings jsxcellpadding="3" jsxpath="TextInput_AnswerText" jsxwidth="100" jsxpadding="2" jsxname="TextInput_AnswerText" jsxtext="TextInput_AnswerText"/>
              <dynamics jsxbg="@Bevel TopDown" jsxborder="@Outset" jsxbgcolor="@Solid Disabled"/>
              <object type="jsx3.gui.TextBox">
                <variants jsxtop="0" jsxleft="250" jsxheight="20" jsxwidth="100" jsxzindex="10" jsxrelativeposition="0"/>
                <strings jsxvalue="" jsxdisplay="none" jsxname="TextInput_AnswerText"/>
                <events jsxincchange="com.intalio.ria.validate(this, objEVENT);" jsxfocus="com.intalio.ria.highlightTextInput(this, false);" jsxkeydown="1;" jsxchange="com.intalio.ria.validate(this, objEVENT);" jsxblur="com.intalio.ria.highlightTextInput(this, true);"/>
              </object>
            </object>
            <object type="jsx3.gui.Matrix.Column">
              <variants/>
              <strings jsxcellpadding="3" jsxpath="TextInput_Number" jsxwidth="100" jsxpadding="2" jsxname="TextInput_Number" jsxtext="TextInput_Number"/>
              <dynamics jsxbg="@Bevel TopDown" jsxborder="@Outset" jsxbgcolor="@Solid Disabled"/>
              <object type="jsx3.gui.TextBox">
                <variants jsxtop="0" jsxleft="350" jsxheight="20" jsxwidth="100" jsxzindex="10" jsxrelativeposition="0"/>
                <strings jsxvalue="" jsxdisplay="none" jsxname="TextInput_Number"/>
                <events jsxincchange="com.intalio.ria.validate(this, objEVENT);" jsxfocus="com.intalio.ria.highlightTextInput(this, false);" jsxkeydown="1;" jsxchange="com.intalio.ria.validate(this, objEVENT);" jsxblur="com.intalio.ria.highlightTextInput(this, true);"/>
              </object>
            </object>
            <object type="jsx3.gui.Matrix.Column">
              <variants/>
              <strings jsxcellpadding="3" jsxpath="TextInput_Type" jsxwidth="100" jsxpadding="2" jsxname="TextInput_Type" jsxtext="TextInput_Type"/>
              <dynamics jsxbg="@Bevel TopDown" jsxborder="@Outset" jsxbgcolor="@Solid Disabled"/>
              <object type="jsx3.gui.TextBox">
                <variants jsxtop="0" jsxleft="450" jsxheight="20" jsxwidth="182" jsxzindex="10" jsxrelativeposition="0"/>
                <strings jsxvalue="" jsxdisplay="none" jsxname="TextInput_Type"/>
                <events jsxincchange="com.intalio.ria.validate(this, objEVENT);" jsxfocus="com.intalio.ria.highlightTextInput(this, false);" jsxkeydown="1;" jsxchange="com.intalio.ria.validate(this, objEVENT);" jsxblur="com.intalio.ria.highlightTextInput(this, true);"/>
              </object>
            </object>
          </object>
        </object>
      </object>
      <object type="com.intalio.ria.Field">
        <variants/>
        <strings riaLabelText="MultipleChoice" jsxname="MultipleChoice-field" riaErrorImageSrc="images/error.gif" jsxclassname="field" riaHelpImageSrc="images/help.gif"/>
        <object type="jsx3.gui.Block">
          <variants jsxheight="110" jsxwidth="500" jsxoverflow="1"/>
          <strings jsxname="matrix-block" jsxrelativeposition="1"/>
          <object type="jsx3.gui.Matrix">
            <variants jsxautorow="1" jsxselectionmodel="0" jsxpagingmodel="1" jsxjsxxmlasync="1"/>
            <strings jsxsortdirection="descending" jsxbodyborder="1px solid #dfdfef" jsxheaderborder="1px solid #dfdfef" jsxxmlid="MultipleChoice-nomap" jsxsortpath="jsxtext-1" jsxsorttype="text" jsxname="MultipleChoice" jsxbgcolor="#efefff"/>
            <events jsxaftercommit="this.getParent().getParent().validate(this, objEVENT);"/>
            <xslparameters jsx_rowbg2="#efefff" jsx_rowbg1="#ffffff"/>
            <object type="jsx3.gui.Matrix.Column">
              <variants jsxwidth="50"/>
              <strings jsxcellpadding="1" jsxpadding="2" jsxtextalign="center" jsxname="deleteButtonColumn" jsxcelltextalign="center" jsxvaluetemplate="@empty" jsxtext="Delete"/>
              <dynamics jsxbg="@Bevel TopDown" jsxborder="@Outset" jsxbgcolor="@Solid Disabled"/>
              <object type="jsx3.gui.ImageButton">
                <variants jsxenabled="1" jsxstate="0" jsxheight="16" jsxwidth="16" jsxprefetch="1" jsxtype="0"/>
                <strings jsximage="jsx:///images/list/delete.gif" jsxname="deleteButtonMask"/>
                <events jsxexecute="this.getParent().getParent().deleteRecord(this.emGetSession().recordId, true);this.getParent().getParent().getParent().getParent().validate(this, objEVENT);"/>
              </object>
            </object>
            <object type="jsx3.gui.Matrix.Column">
              <variants/>
              <strings jsxpath="MultipleChoice_Section" jsxcellpadding="3" jsxwidth="100" jsxpadding="2" jsxname="MultipleChoice_Section" jsxtext="MultipleChoice_Section"/>
              <dynamics jsxbg="@Bevel TopDown" jsxbgcolor="@Solid Disabled" jsxborder="@Outset"/>
              <object type="jsx3.gui.TextBox">
                <variants jsxtop="0" jsxleft="150" jsxheight="20" jsxwidth="185" jsxzindex="10" jsxrelativeposition="0"/>
                <strings jsxvalue="" jsxdisplay="none" jsxname="MultipleChoice_Section"/>
                <events jsxkeydown="1;"/>
              </object>
            </object>
            <object type="jsx3.gui.Matrix.Column">
              <variants/>
              <strings jsxpath="MultipleChoice_Number" jsxcellpadding="3" jsxwidth="100" jsxpadding="2" jsxname="MultipleChoice_Number" jsxtext="MultipleChoice_Number"/>
              <dynamics jsxbg="@Bevel TopDown" jsxbgcolor="@Solid Disabled" jsxborder="@Outset"/>
              <object type="jsx3.gui.TextBox">
                <variants jsxtop="0" jsxleft="150" jsxheight="20" jsxwidth="185" jsxzindex="10" jsxrelativeposition="0"/>
                <strings jsxvalue="" jsxdisplay="none" jsxname="MultipleChoice_Number"/>
                <events jsxkeydown="1;"/>
              </object>
            </object>
            <object type="jsx3.gui.Matrix.Column">
              <variants/>
              <strings jsxpath="MultipleChoice_Question" jsxcellpadding="3" jsxwidth="100" jsxpadding="2" jsxname="MultipleChoice_Question" jsxtext="MultipleChoice_Question"/>
              <dynamics jsxbg="@Bevel TopDown" jsxbgcolor="@Solid Disabled" jsxborder="@Outset"/>
              <object type="jsx3.gui.TextBox">
                <variants jsxtop="0" jsxleft="150" jsxheight="20" jsxwidth="100" jsxzindex="10" jsxrelativeposition="0"/>
                <strings jsxvalue="" jsxdisplay="none" jsxname="MultipleChoice_Question"/>
                <events jsxkeydown="1;"/>
              </object>
            </object>
            <object type="jsx3.gui.Matrix.Column">
              <variants/>
              <strings jsxpath="MultipleChoice_Checked" jsxcellpadding="1" jsxwidth="100" jsxpadding="3" jsxname="MultipleChoice_Checked" jsxcelltextalign="center" jsxvaluetemplate="@empty" jsxtext="MultipleChoice_Checked"/>
              <dynamics jsxbg="@Bevel TopDown" jsxborder="@Outset" jsxbgcolor="@Solid Disabled"/>
              <object type="jsx3.gui.TextBox">
                <variants jsxtop="0" jsxleft="150" jsxheight="20" jsxwidth="100" jsxzindex="10" jsxrelativeposition="0"/>
                <strings jsxvalue="" jsxdisplay="none" jsxname="MultipleChoice_Checked"/>
                <events jsxkeydown="1;"/>
              </object>
            </object>
          </object>
        </object>
      </object>
      <object type="com.intalio.ria.Field">
        <variants/>
        <strings riaLabelText="[Text input label]" jsxdisplay="none" jsxname="User_Sender-field" riaErrorImageSrc="images/error.gif" jsxclassname="field" riaHelpImageSrc="images/help.gif"/>
        <object type="jsx3.gui.TextBox">
          <variants jsxenabled="0" jsxwidth="300"/>
          <strings jsxvalue="" jsxname="User_Sender" jsxmargin="0 4 0 0"/>
          <events jsxincchange="com.intalio.ria.validate(this, objEVENT);" jsxfocus="com.intalio.ria.highlightTextInput(this, false);" jsxchange="com.intalio.ria.validate(this, objEVENT);" jsxblur="com.intalio.ria.highlightTextInput(this, true);"/>
        </object>
      </object>
      <object type="com.intalio.ria.Field">
        <variants/>
        <strings riaLabelText="[Text input label]" jsxdisplay="none" jsxname="User_Recipient-field" riaErrorImageSrc="images/error.gif" jsxclassname="field" riaHelpImageSrc="images/help.gif"/>
        <object type="jsx3.gui.TextBox">
          <variants jsxenabled="0" jsxwidth="300"/>
          <strings jsxvalue="" jsxname="User_Recipient" jsxmargin="0 4 0 0"/>
          <events jsxincchange="com.intalio.ria.validate(this, objEVENT);" jsxfocus="com.intalio.ria.highlightTextInput(this, false);" jsxchange="com.intalio.ria.validate(this, objEVENT);" jsxblur="com.intalio.ria.highlightTextInput(this, true);"/>
        </object>
      </object>
    </object>
    <object type="jsx3.gui.TextBox">
      <variants/>
      <strings jsxvalue="0" jsxdisplay="none" jsxname="fieldsetCounter" jsxmargin="0 4 0 0"/>
      <events jsxfocus="com.intalio.ria.highlightTextInput(this, false);" jsxblur="com.intalio.ria.highlightTextInput(this, true);"/>
    </object>
    <object type="jsx3.gui.Block">
      <variants/>
      <strings jsxwidth="100%" jsxname="IntalioInternal_SpacerBlock" jsxmargin="15 0 0 0" jsxborder="1px solid gray; 0px solid; 0px solid; 0px solid;"/>
    </object>
    <object type="jsx3.gui.Button">
      <variants jsxenabled="0" jsxheight="20"/>
      <strings jsxpadding="3 10 3 10" jsxdisplay="none" jsxname="IntalioInternal_StartButton" jsxmargin="15 10 15 0"/>
      <dynamics jsxtext="Intalio Start Button"/>
      <events jsxexecute="Intalio.Internal.TMS.callInitProcess();"/>
    </object>
    <object type="jsx3.gui.Button">
      <variants jsxenabled="0" jsxheight="20"/>
      <strings jsxpadding="3 10 3 10" jsxdisplay="none" jsxname="IntalioInternal_DismissButton" jsxmargin="15 10 15 0"/>
      <dynamics jsxtext="Intalio Dismiss Button"/>
      <events jsxexecute="Intalio.Internal.TMS.callComplete();"/>
    </object>
    <object type="jsx3.gui.Button">
      <variants jsxenabled="0" jsxheight="20"/>
      <strings jsxpadding="3 10 3 10" jsxdisplay="none" jsxname="IntalioInternal_SaveButton" jsxmargin="15 10 15 0"/>
      <dynamics jsxtext="Intalio Save Button"/>
      <events jsxexecute="Intalio.Internal.TMS.callSetOutput();"/>
    </object>
    <object type="jsx3.gui.Button">
      <variants jsxenabled="0" jsxheight="20"/>
      <strings jsxpadding="3 10 3 10" jsxdisplay="none" jsxname="IntalioInternal_ClaimButton" jsxmargin="15 10 15 0"/>
      <dynamics jsxtext="Intalio Claim Button"/>
      <events jsxexecute="Intalio.Internal.TMP.callClaimTask();"/>
    </object>
    <object type="jsx3.gui.Button">
      <variants jsxenabled="0" jsxheight="20"/>
      <strings jsxpadding="3 10 3 10" jsxdisplay="none" jsxname="IntalioInternal_RevokeButton" jsxmargin="15 10 15 0"/>
      <dynamics jsxtext="Intalio Revoke Button"/>
      <events jsxexecute="Intalio.Internal.TMP.callRevokeTask();"/>
    </object>
    <object type="jsx3.gui.Button">
      <variants jsxenabled="0" jsxheight="20"/>
      <strings jsxpadding="3 10 3 10" jsxdisplay="none" jsxname="IntalioInternal_CompleteButton" jsxmargin="15 10 15 0"/>
      <dynamics jsxtext="Intalio Complete Button"/>
      <events jsxexecute="Intalio.Internal.TMP.callCompleteTask();"/>
    </object>
  </object>
</serialization>