<serialization xmlns="urn:tibco.com/v3.0" jsxversion="3.7">
  <name>Fieldset</name>
  <icon>images/prototypes/block.gif</icon>
  <description>Fieldset.</description>
  <onBeforeDeserialize/>
  <onAfterDeserialize>resetChoiceSection();</onAfterDeserialize>
  <object type="jsx3.gui.Block">
    <variants jsxoverflow="2" jsxwidth="720" jsxrelativeposition="1" jsxleft="0" jsxtop="0" jsxheight="120"/>
    <strings jsxname="rootpane" jsxdisplay="" jsxvisibility=""/>
    <dynamics jsxborder="@No jsxborder"/>
    <object type="jsx3.gui.Block">
      <variants jsxoverflow="2" jsxwidth="720" jsxheight="60" jsxrelativeposition="1" jsxleft="0" jsxtop="0"/>
      <strings jsxname="paneOption" jsxdisplay="" jsxvisibility="" jsxpadding="0" jsxmargin="0"/>
      <dynamics jsxborder="@No jsxborder"/>
      <object type="jsx3.gui.Block">
        <variants jsxoverflow="2" jsxheight="15"/>
        <strings jsxname="pane" jsxwidth="100%" jsxpadding="0" jsxmargin="0"/>
        <dynamics jsxborder="@No jsxborder"/>
        <object type="jsx3.gui.LayoutGrid">
          <variants jsxrelativeposition="0" jsxleft="0" jsxtop="0" jsxoverflow="2"/>
          <strings jsxname="layout ( | )" jsxcols="*" jsxwidth="100%" jsxheight="100%" jsxdisplay=""/>
          <object type="jsx3.gui.Block">
            <variants jsxoverflow="2"/>
            <strings jsxname="pane" jsxwidth="100%" jsxheight="100%" jsxpadding="0" jsxmargin="0 0 0 18"/>
            <dynamics jsxborder="@No jsxborder"/>
            <object type="jsx3.gui.Block">
              <variants jsxrelativeposition="1" jsxoverflow="3"/>
              <strings jsxname="labelKysymys" jsxtext="Vaihtoehto" jsxclassname="FormLabel" jsxmargin="0" jsxpadding="0"/>
            </object>
          </object>
        </object>
      </object>
      <object type="jsx3.gui.Block">
        <variants jsxoverflow="2" jsxheight="80"/>
        <strings jsxname="paneAddChoice" jsxwidth="100%" jsxpadding="0" jsxmargin="0" jsxtextalign="left"/>
        <dynamics jsxborder="@No jsxborder"/>
        <object type="jsx3.gui.LayoutGrid">
          <variants jsxrelativeposition="0" jsxleft="0" jsxtop="0" jsxoverflow="2"/>
          <strings jsxname="layout (--)" jsxrows="*" jsxwidth="100%" jsxheight="100%"/>
          <object type="jsx3.gui.Block">
            <variants jsxoverflow="2"/>
            <strings jsxname="pane" jsxwidth="100%" jsxheight="100%" jsxpadding="6px"/>
            <dynamics jsxborder="@No jsxborder"/>
            <object type="jsx3.gui.LayoutGrid">
              <variants jsxrelativeposition="0" jsxleft="0" jsxtop="0" jsxoverflow="2"/>
              <strings jsxname="layout ( | )" jsxcols="40%,*" jsxwidth="100%" jsxheight="100%"/>
              <object type="jsx3.gui.Block">
                <variants jsxoverflow="2"/>
                <strings jsxname="pane" jsxwidth="100%" jsxheight="100%" jsxpadding="" jsxmargin="0 0 0 0" jsxtextalign="left"/>
                <dynamics jsxborder="@No jsxborder"/>
                <object type="com.intalio.ria.Field">
                  <variants/>
                  <strings jsxname="tekstikentanOtsikko-field" jsxclassname="field" riaLabelText="[Text input label]" riaHelpImageSrc="images/help.gif" riaErrorImageSrc="images/error.gif"/>
                  <object type="jsx3.gui.TextBox">
                    <variants/>
                    <strings jsxname="choiceTextField" jsxmargin="0 4 0 0" jsxvalue="Vaihtoehto" jsxpadding=""/>
                    <events jsxfocus="com.intalio.ria.highlightTextInput(this, false);" jsxblur="com.intalio.ria.highlightTextInput(this, true);" jsxchange=""/>
                  </object>
                </object>
              </object>
              <object type="jsx3.gui.Block">
                <variants jsxoverflow="2"/>
                <strings jsxname="pane" jsxwidth="100%" jsxheight="100%" jsxpadding="6px"/>
                <dynamics jsxborder="@No jsxborder"/>
                <object type="jsx3.gui.Button">
                  <variants jsxindex="0" jsxheight="18"/>
                  <strings jsxname="button" jsxtext="Lisää vaihtoehto" jsxmargin="0 4 0 0" jsxpadding=""/>
                  <events jsxexecute="addChoice(this.getParent().getParent().getParent().getParent().getParent().getParent().getParent().getName());"/>
                </object>
              </object>
            </object>
          </object>
        </object>
      </object>
    </object>
    <object type="jsx3.gui.Block">
      <variants jsxoverflow="2" jsxwidth="720" jsxheight="10" jsxrelativeposition="1" jsxleft="0" jsxtop="0"/>
      <strings jsxname="choiceBlock" jsxdisplay="" jsxvisibility=""/>
      <dynamics jsxborder="@No jsxborder"/>
      <object type="jsx3.gui.TextBox">
        <variants jsxvalue="0"/>
        <strings jsxname="checkID" jsxmargin="0 4 0 0" jsxdisplay="none"/>
        <events jsxfocus="com.intalio.ria.highlightTextInput(this, false);" jsxblur="com.intalio.ria.highlightTextInput(this, true);"/>
      </object>
      <object type="jsx3.gui.TextBox">
        <variants jsxvalue="0"/>
        <strings jsxname="choiceLabelID" jsxmargin="0 4 0 0" jsxdisplay="none"/>
        <events jsxfocus="com.intalio.ria.highlightTextInput(this, false);" jsxblur="com.intalio.ria.highlightTextInput(this, true);"/>
      </object>
    </object>
    <object type="jsx3.gui.Block">
      <variants jsxoverflow="2" jsxheight="20"/>
      <strings jsxname="pane" jsxwidth="100%" jsxpadding="0" jsxmargin="0"/>
      <dynamics jsxborder="@No jsxborder"/>
      <object type="jsx3.gui.LayoutGrid">
        <variants jsxrelativeposition="0" jsxleft="0" jsxtop="0" jsxoverflow="2"/>
        <strings jsxname="layout ( | )" jsxcols="*" jsxwidth="100%" jsxheight="100%"/>
        <object type="jsx3.gui.Block">
          <variants jsxoverflow="2"/>
          <strings jsxname="pane" jsxwidth="100%" jsxheight="100%" jsxpadding="0" jsxmargin="0 0 0 8"/>
          <dynamics jsxborder="@No jsxborder"/>
          <object type="jsx3.gui.Button">
            <variants jsxindex="0" jsxheight="18"/>
            <strings jsxname="deleteButton" jsxtext="Poista" jsxmargin="0 4 0 12" jsxclassname=""/>
            <events jsxexecute="removeThisSection(this.getParent().getParent().getParent().getParent(),&quot;multiplechoice&quot;);"/>
          </object>
        </object>
      </object>
    </object>
    <object type="jsx3.gui.TextBox">
      <variants jsxheight="0"/>
      <strings jsxname="tempID" jsxmargin="0 4 0 0" jsxdisplay="none" jsxvalue=""/>
      <events jsxfocus="com.intalio.ria.highlightTextInput(this, false);" jsxblur="com.intalio.ria.highlightTextInput(this, true);"/>
    </object>
    <object type="jsx3.gui.TextBox">
      <variants jsxheight="0"/>
      <strings jsxname="choiceCounter" jsxmargin="0 4 0 0" jsxdisplay="none" jsxvalue="0"/>
      <events jsxfocus="com.intalio.ria.highlightTextInput(this, false);" jsxblur="com.intalio.ria.highlightTextInput(this, true);"/>
    </object>
  </object>
</serialization>