﻿<?xml version='1.0' encoding='UTF-8'?>
<dd:deploy xmlns:dd="http://www.apache.org/ode/schemas/dd/2007/03"><dd:process xmlns:User="http://arcusys.fi/Processes/ProcessReceipient/User" xmlns:KokuRequestProcessingServiceImpl="http://soa.kv.koku.arcusys.fi/" xmlns:xs="http://www.w3.org/2001/XMLSchema" xmlns:Interface="http://arcusys.fi/Processes/ProcessReceipient/Interface" xmlns:dd="http://www.apache.org/ode/schemas/dd/2007/03" xmlns:diag="http://arcusys.fi/Processes/ProcessReceipient" xmlns:Services="http://arcusys.fi/Processes/ProcessReceipient/Services" xmlns:tns="http://www.arcusys.fi/DynamicFields" xmlns:Copyofform1_1="http://www.intalio.com/gi/Copyofform1_1.gi" xmlns:attachments="http://www.intalio.com/gi/Copyofform1_1.gi/attachments" xmlns:this="http://arcusys.fi/Processes/ProcessReceipient/Process" xmlns:xsi="http://www.w3.org/2001/XMLSchema-instance" name="this:Process" fileName="Processes/ProcessReceipient-Process.bpel">
  <dd:property name="PATH">Processes/ProcessReceipient</dd:property>
  <dd:property name="SVG">Processes/ProcessReceipient.svg</dd:property>
  <dd:provide partnerLink="processAndInterfacePlkVar">
    <dd:service name="this:CanonicServiceForInterface" port="canonicPort"></dd:service>
  </dd:provide>
  <dd:invoke partnerLink="servicesAndProcessForKokuRequestProcessingServicePortPlkVar">
    <dd:service name="KokuRequestProcessingServiceImpl:KokuRequestProcessingService" port="KokuRequestProcessingServicePort"></dd:service>
  </dd:invoke>
  <dd:provide partnerLink="wFmagic_hzHqQARsEeGvy6Wfe0A60wPlkVar">
    <dd:service name="this:WFmagic_hzHqQARsEeGvy6Wfe0A60wService" port="Process_for_UserForThePortTypeProcessPort"></dd:service>
  </dd:provide>
  <dd:invoke partnerLink="wFmagic_hzHqQARsEeGvy6Wfe0A60wPlkVar">
    <dd:service name="Copyofform1_1:WorkflowSoapService" port="Copyofform1_1Port"></dd:service>
  </dd:invoke>
</dd:process><dd:process xmlns:Pohjanluontiform1="http://www.intalio.com/gi/Forms/Pohjanluontiform.gi/attachments" xmlns:Pohjanluontiform2="http://www.intalio.com/gi/Forms/Pohjanluontiform.gi" xmlns:Virkailija="http://arcusys.fi/Processes/Pohjanluonti/Virkailija" xmlns:KokuRequestProcessingServiceImpl="http://soa.kv.koku.arcusys.fi/" xmlns:xs="http://www.w3.org/2001/XMLSchema" xmlns:Pohjanluontiform="http://www.intalio.com/gi/Pohjanluontiform.gi" xmlns:Palvelut="http://arcusys.fi/Processes/Pohjanluonti/Palvelut" xmlns:dd="http://www.apache.org/ode/schemas/dd/2007/03" xmlns:diag="http://arcusys.fi/Processes/Pohjanluonti" xmlns:tns="http://www.arcusys.fi/DynamicFields" xmlns:attachments="http://www.intalio.com/gi/Pohjanluontiform.gi/attachments" xmlns:this="http://arcusys.fi/Processes/Pohjanluonti/Prosessi" xmlns:xsi="http://www.w3.org/2001/XMLSchema-instance" name="this:Prosessi" fileName="Processes/Pohjanluonti-Prosessi.bpel">
  <dd:property name="PATH">Processes/Pohjanluonti</dd:property>
  <dd:property name="SVG">Processes/Pohjanluonti.svg</dd:property>
  <dd:provide partnerLink="prosessiAndVirkailijaForPortTypeProcessPlkVar">
    <dd:service name="this:ProsessiAndVirkailijaForPortTypeProcessPlkService" port="Prosessi_for_VirkailijaPort"></dd:service>
  </dd:provide>
  <dd:invoke partnerLink="palvelutAndProsessiForKokuRequestProcessingServicePortPlkVar">
    <dd:service name="KokuRequestProcessingServiceImpl:KokuRequestProcessingService" port="KokuRequestProcessingServicePort"></dd:service>
  </dd:invoke>
</dd:process><dd:process xmlns:User="http://arcusys.fi/Processes/ProcessInit/User" xmlns:form1_1="http://www.intalio.com/gi/form1_1.gi" xmlns:ProcessReceipient-Process="http://arcusys.fi/ProcessReceipient/Process" xmlns:KokuRequestProcessingServiceImpl="http://soa.kv.koku.arcusys.fi/" xmlns:xs="http://www.w3.org/2001/XMLSchema" xmlns:dd="http://www.apache.org/ode/schemas/dd/2007/03" xmlns:ProcessReceipient-Process1="http://arcusys.fi/Processes/ProcessReceipient/Process" xmlns:diag="http://arcusys.fi/Processes/ProcessInit" xmlns:Copyofform1_11="http://www.intalio.com/gi/Copyofform1_1.gi/attachments" xmlns:Services="http://arcusys.fi/Processes/ProcessInit/Services" xmlns:tns="http://www.arcusys.fi/DynamicFields" xmlns:form1_11="http://www.intalio.com/gi/Forms/form1_1.gi/attachments" xmlns:Copyofform1_1="http://www.intalio.com/gi/Copyofform1_1.gi" xmlns:form1_12="http://www.intalio.com/gi/Forms/form1_1.gi" xmlns:attachments="http://www.intalio.com/gi/form1_1.gi/attachments" xmlns:this="http://arcusys.fi/Processes/ProcessInit/Process" xmlns:UsersAndGroupsServiceImpl="http://soa.common.koku.arcusys.fi/" xmlns:xsi="http://www.w3.org/2001/XMLSchema-instance" name="this:Process" fileName="Processes/ProcessInit-Process.bpel">
  <dd:property name="PATH">Processes/ProcessInit</dd:property>
  <dd:property name="SVG">Processes/ProcessInit.svg</dd:property>
  <dd:provide partnerLink="processAndUserForPortTypeProcessPlkVar">
    <dd:service name="this:ProcessAndUserForPortTypeProcessPlkService" port="Process_for_UserPort"></dd:service>
  </dd:provide>
  <dd:invoke partnerLink="servicesAndProcessForKokuRequestProcessingServicePortPlkVar">
    <dd:service name="KokuRequestProcessingServiceImpl:KokuRequestProcessingService" port="KokuRequestProcessingServicePort"></dd:service>
  </dd:invoke>
  <dd:invoke partnerLink="servicesAndProcessForUsersAndGroupsServicePortPlkVar">
    <dd:service name="UsersAndGroupsServiceImpl:UsersAndGroupsService" port="UsersAndGroupsServicePort"></dd:service>
  </dd:invoke>
  <dd:invoke partnerLink="servicesAndProcessForCanonicPortPlkVar">
    <dd:service name="ProcessReceipient-Process1:CanonicServiceForInterface" port="canonicPort"></dd:service>
  </dd:invoke>
</dd:process></dd:deploy>