<?xml version="1.0" encoding="UTF-8"?>
<!--
  ~ Copyright (c) 2001-2009, TIBCO Software Inc.
  ~ 
  ~ The program(s) herein may be used and/or copied only with the
  ~ written permission of Intalio Inc. or in accordance with the terms
  ~ and conditions stipulated in the agreement/contract under which the
  ~ program(s) have been supplied.
  -->
<data jsxid="jsxroot" jsxnamespace="jsx3.ide.mapper.Mapper" jsxversion="1.0"><record jsxid="x62932" jsxtext="WSDL (http://arc82-121:8088/haeOrganisaatiotBindingMock?WSDL)" jsxopen="1" src="http://localhost:8081/haeOrganisaatiotBindingMock?WSDL" type="W" path="/jsx1:definitions"><record jsxid="x91256" jsxtext="Service (http://arc82-121:8088/haeHenkilotOrganisaatiossaMock)" jsxopen="1" path="/jsx1:definitions/jsx1:service/jsx1:port/jsx4:address" type="S" soapstyle="document"><record jsxid="x82769" jsxtext="haeHenkilotOrganisaatiossa" jsxopen="1" opname="haeHenkilotOrganisaatiossa" endpoint="http://localhost:8081/haeHenkilotOrganisaatiossaMock" method="POST" type="P" path="/jsx1:definitions/jsx1:binding/jsx1:operation" jsxTextMask="http://www.kohtikumppanuutta.fi/arcusys/HenkilotietoPalvelu/haeHenkilotOrganisaatiossa"><headers jsxid="x2108"><record jsxid="x41490" name="SOAPAction" value="http://www.kohtikumppanuutta.fi/arcusys/HenkilotietoPalvelu/haeHenkilotOrganisaatiossa"/><record jsxid="x31379" name="Content-Type" value="text/xml"/></headers><record jsxid="x47522" jsxtext="Input (request)" type="I" stubsrc="jsx://xml/stubs/soap.xml" stubpath="/SOAP-ENV:Envelope/SOAP-ENV:Body" soapuse="literal" path="/jsx1:definitions/jsx1:message[2]" jsxopen="1"><record jsxid="x59149" jsxtext="haeHenkilotOrganisaatiossaRequest" jsxopen="1" type="C" path="//jsx3:schema[@targetNamespace='http://www.kohtikumppanuutta.fi/arcusys/HenkilotietoPalvelu']//jsx3:complexType[@name='haeHenkilotOrganisaatiossaRequestType']" datatype="haeHenkilotOrganisaatiossaRequestType" ttns="http://www.kohtikumppanuutta.fi/arcusys/HenkilotietoPalvelu"><record jsxid="x71629" jsxtext="organisaatioID" jsxopen="1" type="E" path="//jsx3:schema[@targetNamespace='http://www.kohtikumppanuutta.fi/arcusys/HenkilotietoPalvelu']//jsx3:element[@name='organisaatioID']" datatype="string" simple="1" tns="http://www.kohtikumppanuutta.fi/arcusys/HenkilotietoPalvelu" jsxselected="1"><restrictions jsxid="x27900"><record jsxid="x46225" name="maxoccur" value="unbounded"/></restrictions><mappings jsxid="x28084"><record jsxid="jsx_n" name="Script" value="setValue(form1.getJSXByName(&quot;ReceipientOrganization&quot;).getValue());"/></mappings></record></record></record><record jsxid="x89095" jsxtext="Output (response)" type="O" soapuse="literal" path="/jsx1:definitions/jsx1:message" jsxopen="1"><record jsxid="x37076" jsxtext="haeHenkilotOrganisaatiossaResponse" jsxopen="1" type="C" path="//jsx3:schema[@targetNamespace='http://www.kohtikumppanuutta.fi/arcusys/HenkilotietoPalvelu']//jsx3:complexType[@name='haeHenkilotOrganisaatiossaResponseType']" datatype="haeHenkilotOrganisaatiossaResponseType" ttns="http://www.kohtikumppanuutta.fi/arcusys/HenkilotietoPalvelu"><record jsxid="x23603" jsxtext="Henkilot" jsxopen="1" type="C" path="//jsx3:schema[@targetNamespace='http://www.kohtikumppanuutta.fi/arcusys/HenkilotietoPalvelu']//jsx3:element[@name='Henkilot']" datatype="HenkilotType" ttns="http://www.kohtikumppanuutta.fi/arcusys/HenkilotietoPalvelu" tns="http://www.kohtikumppanuutta.fi/arcusys/HenkilotietoPalvelu"><record jsxid="x88995" jsxtext="Etunimi" jsxopen="1" type="E" path="//jsx3:schema[@targetNamespace='http://www.kohtikumppanuutta.fi/arcusys/HenkilotietoPalvelu']//jsx3:element[@name='Etunimi']" datatype="string" simple="1" tns="http://www.kohtikumppanuutta.fi/arcusys/HenkilotietoPalvelu" jsxSelectMask="CDF Attribute"><mappings jsxid="x90580"><record jsxid="jsx_r" value="Receipients_Receipient" name="CDF Attribute"/><record jsxid="jsx_2" value="jsxtext" name="CDF Attribute"/></mappings></record><mappings jsxid="x34367"><record jsxid="jsx_q" name="CDF Record" value="Receipients"/></mappings></record><mappings jsxid="x76583"><record jsxid="jsx_p" name="CDF Document" value="Receipients-nomap"/></mappings></record></record></record></record><record jsxid="x35605" jsxtext="Service (http://arc82-121:8088/hae...tBindingMock)" jsxopen="1" path="/jsx1:definitions/jsx1:service/jsx1:port[2]/jsx4:address" type="S" soapstyle="document"><record jsxid="x37405" jsxtext="haeOrganisaatiot" jsxopen="1" opname="haeOrganisaatiot" endpoint="http://localhost:8081/haeOrganisaatiotBindingMock" method="POST" type="P" path="/jsx1:definitions/jsx1:binding[2]/jsx1:operation"><headers jsxid="x51505"><record jsxid="x48927" name="SOAPAction" value="http://www.kohtikumppanuutta.fi/arcusys/HenkilotietoPalvelu/haeOrganisaatiot"/><record jsxid="x56435" name="Content-Type" value="text/xml"/></headers><record jsxid="x87289" jsxtext="Input (request)" type="I" stubsrc="jsx://xml/stubs/soap.xml" stubpath="/SOAP-ENV:Envelope/SOAP-ENV:Body" soapuse="literal" path="/jsx1:definitions/jsx1:message[5]" jsxopen="1"><record jsxid="x95219" jsxtext="haeOrganisaatiotRequest" jsxopen="1" type="C" path="//jsx3:schema[@targetNamespace='http://www.kohtikumppanuutta.fi/arcusys/HenkilotietoPalvelu']//jsx3:complexType[@name='haeOrganisaatiotRequestType']" datatype="haeOrganisaatiotRequestType" ttns="http://www.kohtikumppanuutta.fi/arcusys/HenkilotietoPalvelu"><record jsxid="x29899" jsxtext="kayttajatunnus" jsxopen="1" type="E" path="//jsx3:schema[@targetNamespace='http://www.kohtikumppanuutta.fi/arcusys/HenkilotietoPalvelu']//jsx3:element[@name='kayttajatunnus']" datatype="string" simple="1" tns="http://www.kohtikumppanuutta.fi/arcusys/HenkilotietoPalvelu"><restrictions jsxid="x20415"><record jsxid="x71082" name="maxoccur" value="unbounded"/></restrictions><mappings jsxid="x13848"><record jsxid="jsx_1" name="Script" value="010101-1111"/></mappings></record></record></record><record jsxid="x59953" jsxtext="Output (response)" type="O" soapuse="literal" path="/jsx1:definitions/jsx1:message[4]" jsxopen="1"><record jsxid="x74132" jsxtext="haeOrganisaatiotResponse" jsxopen="1" type="C" path="//jsx3:schema[@targetNamespace='http://www.kohtikumppanuutta.fi/arcusys/HenkilotietoPalvelu']//jsx3:complexType[@name='haeOrganisaatiotResponseType']" datatype="haeOrganisaatiotResponseType" ttns="http://www.kohtikumppanuutta.fi/arcusys/HenkilotietoPalvelu"><record jsxid="x42004" jsxtext="Organisaatiot" jsxopen="1" type="C" path="//jsx3:schema[@targetNamespace='http://www.kohtikumppanuutta.fi/arcusys/HenkilotietoPalvelu']//jsx3:element[@name='Organisaatiot']" datatype="OrganisaatiotType" ttns="http://www.kohtikumppanuutta.fi/arcusys/HenkilotietoPalvelu" tns="http://www.kohtikumppanuutta.fi/arcusys/HenkilotietoPalvelu"><restrictions jsxid="x99524"><record jsxid="x6342" name="maxoccur" value="unbounded"/></restrictions><record jsxid="x87089" jsxtext="ID" jsxopen="1" type="E" path="//jsx3:schema[@targetNamespace='http://www.kohtikumppanuutta.fi/arcusys/HenkilotietoPalvelu']//jsx3:element[@name='ID']" datatype="string" simple="1" tns="http://www.kohtikumppanuutta.fi/arcusys/HenkilotietoPalvelu"><mappings jsxid="x63561"><record jsxid="jsx_5" name="CDF Attribute" value="jsxid"/></mappings></record><record jsxid="x1682" jsxtext="Nimi" jsxopen="1" type="E" path="//jsx3:schema[@targetNamespace='http://www.kohtikumppanuutta.fi/arcusys/HenkilotietoPalvelu']//jsx3:element[@name='Nimi']" datatype="string" simple="1" tns="http://www.kohtikumppanuutta.fi/arcusys/HenkilotietoPalvelu"><mappings jsxid="x74526"><record jsxid="jsx_7" name="CDF Attribute" value="jsxtext"/></mappings></record><mappings jsxid="x87665"><record jsxid="jsx_4" name="CDF Record" value="TestCombo"/></mappings></record><mappings jsxid="x93267"><record jsxid="jsx_9" name="CDF Document" value="TestCombo"/></mappings></record></record></record></record></record></data>