﻿<?xml version='1.0' encoding='UTF-8'?>
<dd:deploy xmlns:dd="http://www.apache.org/ode/schemas/dd/2007/03"><dd:process xmlns:Virkailija="http://www.arcusys.fi/Processes/TIVA3Init-Process/Virkailija" xmlns:xs="http://www.w3.org/2001/XMLSchema" xmlns:TIVA3InitForm="http://www.intalio.com/gi/Forms/TIVA3InitForm.gi" xmlns:Palvelut="http://www.arcusys.fi/Processes/TIVA3Init-Process/Palvelut" xmlns:dd="http://www.apache.org/ode/schemas/dd/2007/03" xmlns:diag="http://www.arcusys.fi/Processes/TIVA3Init-Process" xmlns:tns="http://www.arcusys.fi/KOKU/TIVA3" xmlns:attachments="http://www.intalio.com/gi/Forms/TIVA3InitForm.gi/attachments" xmlns:KokuSuostumusProcessingServiceImpl="http://soa.tiva.koku.arcusys.fi/" xmlns:this="http://www.arcusys.fi/Processes/TIVA3Init-Process/Prosessi" xmlns:UsersAndGroupsServiceImpl="http://soa.common.koku.arcusys.fi/" xmlns:xsi="http://www.w3.org/2001/XMLSchema-instance" name="this:Prosessi" fileName="Processes/TIVA3Init-Process-Prosessi.bpel">
  <dd:property name="PATH">Processes/TIVA3Init-Process</dd:property>
  <dd:property name="SVG">Processes/TIVA3Init-Process.svg</dd:property>
  <dd:provide partnerLink="virkailijaAndProsessiForPortTypeProcessPlkVar">
    <dd:service name="this:VirkailijaAndProsessiForPortTypeProcessPlkService" port="Prosessi_for_VirkailijaPort"></dd:service>
  </dd:provide>
  <dd:invoke partnerLink="palvelutAndProsessiForUsersAndGroupsServicePortPlkVar">
    <dd:service name="UsersAndGroupsServiceImpl:UsersAndGroupsService" port="UsersAndGroupsServicePort"></dd:service>
  </dd:invoke>
  <dd:invoke partnerLink="palvelutAndProsessiForKokuSuostumusProcessingServicePortPlkVar">
    <dd:service name="KokuSuostumusProcessingServiceImpl:KokuSuostumusProcessingService" port="KokuSuostumusProcessingServicePort"></dd:service>
  </dd:invoke>
</dd:process></dd:deploy>