﻿<?xml version='1.0' encoding='UTF-8'?>
<serialization xmlns="urn:tibco.com/v3.0" jsxversion="3.6">
  <name/>
  <icon/>
  <description/>
  <onBeforeDeserialize/>
  <onAfterDeserialize>getUrl();</onAfterDeserialize>
  <object type="jsx3.gui.Block">
    <variants jsxwidth="870" jsxoverflow="1"/>
    <strings jsxheight="100%" jsxstyleoverride="overflow-x:hidden;   overflow-y:auto;" jsxname="root"/>
    <object type="jsx3.gui.Block">
      <variants jsxheight="18" jsxoverflow="3"/>
      <strings jsxwidth="100%" jsxdisplay="none" jsxname="IntalioInternal_AttachmentsImageBlock"/>
      <object type="jsx3.gui.LayoutGrid">
        <variants jsxtop="0" jsxleft="0" jsxoverflow="2" jsxrelativeposition="0"/>
        <strings jsxcols="16,*" jsxheight="100%" jsxwidth="100%" jsxname="IntalioInternal_Layout"/>
        <object type="jsx3.gui.Block">
          <variants/>
          <strings jsxheight="100%" jsxwidth="100%" jsxname="IntalioInternal_Pane"/>
          <object type="jsx3.gui.Image">
            <variants/>
            <strings jsxsrc="images/attachments.gif" jsxdisplay="none" jsxname="IntalioInternal_Image"/>
            <events jsxclick="Intalio.Internal.Attachments.displayAttachmentsBlock(true); "/>
          </object>
        </object>
        <object type="jsx3.gui.Block">
          <variants/>
          <strings jsxheight="100%" jsxwidth="100%" jsxtextalign="right" jsxname="IntalioInternal_Pane"/>
          <object type="jsx3.gui.Image">
            <variants/>
            <strings jsxsrc="images/close.png" jsxdisplay="none" jsxname="IntalioInternal_CloseImage"/>
            <events jsxclick="Intalio.Internal.Attachments.displayAttachmentsBlock(false);"/>
          </object>
        </object>
      </object>
    </object>
    <object type="jsx3.gui.Block">
      <variants jsxoverflow="3"/>
      <strings jsxwidth="100%" jsxdisplay="none" jsxname="IntalioInternal_AttachmentsBlock"/>
      <object type="jsx3.gui.Block">
        <variants/>
        <strings jsxwidth="100%" jsxdisplay="" jsxname="IntalioInternal_AttachmentsMatrixBlock" jsxborder="1px solid black; 1px solid black; none; 1px solid black;"/>
        <object type="jsx3.gui.Matrix">
          <variants jsxsuppressvscroll="1" jsxreorder="0" jsxselectionmodel="0" jsxpagingmodel="0" jsxjsxxmlasync="1"/>
          <strings jsxxmlid="IntalioInternal_Attachments" jsxname="IntalioInternal_AttachmentsMatrix"/>
          <events jsxbeforeedit="false;"/>
          <xslparameters jsx_rowbg2="#efefff" jsx_rowbg1="#ffffff"/>
          <object type="jsx3.gui.Matrix.Column">
            <variants/>
            <strings jsxpath="IntalioInternal_RemoveImage" jsxwidth="5%" jsxcellborder="none; 1px solid black; 1px solid black; none;" jsxformathandler="@unescape" jsxcelltextalign="center" jsxname="IntalioInternal_TextColumn" jsxborder="none; 1px solid black; 1px solid black; none;" jsxvaluetemplate="@unescape" jsxcellvalign="middle"/>
          </object>
          <object type="jsx3.gui.Matrix.Column">
            <variants/>
            <strings jsxpath="IntalioInternal_Title" jsxwidth="55%" jsxformathandler="@unescape" jsxname="IntalioInternal_TextColumn" jsxborder="none; 1px solid black; 1px solid black; none;" jsxcellpadding="3" jsxfontweight="bold" jsxpadding="2" jsxcellborder="none; 1px solid black; 1px solid black; none;" jsxtextalign="center" jsxsortdatatype="text" jsxvaluetemplate="@unescape" jsxtext="Title"/>
          </object>
          <object type="jsx3.gui.Matrix.Column">
            <variants/>
            <strings jsxpath="IntalioInternal_MimeType" jsxwidth="20%" jsxformathandler="@unescape" jsxname="IntalioInternal_TextColumn" jsxborder="none; 1px solid black; 1px solid black; none;" jsxcellpadding="3" jsxfontweight="bold" jsxpadding="2" jsxcellborder="none; 1px solid black; 1px solid black; none;" jsxtextalign="center" jsxsortdatatype="text" jsxvaluetemplate="@unescape" jsxtext="MIME Type"/>
          </object>
          <object type="jsx3.gui.Matrix.Column">
            <variants/>
            <strings jsxpath="IntalioInternal_CreationDate" jsxwidth="20%" jsxformathandler="@unescape" jsxname="IntalioInternal_TextColumn" jsxborder="none; 1px solid black; 1px solid black; none;" jsxcellpadding="3" jsxfontweight="bold" jsxpadding="2" jsxcellborder="none; 1px solid black; 1px solid black; none;" jsxtextalign="center" jsxsortdatatype="text" jsxvaluetemplate="@unescape" jsxtext="Create Date"/>
          </object>
        </object>
      </object>
      <object type="jsx3.gui.Block">
        <variants jsxoverflow="3"/>
        <strings jsxwidth="100%" jsxdisplay="" jsxname="IntalioInternal_AttachmentsFormBlock"/>
        <object type="jsx3.gui.Block">
          <variants jsxoverflow="3"/>
          <strings jsxwidth="100%" jsxdisplay="" jsxname="IntalioInternal_AttachmentsFormLabel"/>
        </object>
        <object type="jsx3.gui.Block">
          <variants jsxoverflow="3"/>
          <strings jsxdisplay="none" jsxname="IntalioInternal_AttachmentsUrl"/>
        </object>
      </object>
    </object>
    <object type="jsx3.gui.Block">
      <variants/>
      <strings jsxwidth="100%" jsxpadding="5 10 0 10" jsxname="header" jsxrelativeposition="1"/>
      <object type="jsx3.gui.Button">
        <variants jsxindex="0" jsxheight="18"/>
        <strings jsxname="showFormButton" jsxmargin="0 4 0 0" jsxtext="Näytä lomake"/>
        <events jsxexecute="showForm();"/>
      </object>
      <object type="jsx3.gui.Button">
        <variants jsxindex="0" jsxheight="18"/>
        <strings jsxdisplay="none" jsxname="buttonForTestingUrl" jsxmargin="0 4 0 0" jsxtext="Näytä url"/>
        <events jsxexecute="alert(getUrl());"/>
      </object>
      <object type="jsx3.gui.Button">
        <variants jsxindex="0" jsxheight="18"/>
        <strings jsxdisplay="none" jsxname="button" jsxmargin="0 4 0 0" jsxtext="Lisää lähettäjä"/>
        <events jsxexecute="fillUser();"/>
      </object>
      <object type="jsx3.gui.Block">
        <variants jsxoverflow="3" jsxrelativeposition="1"/>
        <strings jsxdisplay="none" jsxname="counter" jsxtext="0"/>
      </object>
    </object>
    <object type="com.intalio.ria.Section">
      <variants/>
      <strings jsxdisplay="none" riaTitleText="Otsikko" jsxname="Header" jsxclassname="fieldset"/>
      <object type="jsx3.gui.Block">
        <variants jsxtop="0" jsxleft="0" jsxheight="50" jsxwidth="820" jsxoverflow="2" jsxrelativeposition="1"/>
        <strings jsxdisplay="" jsxname="pane" jsxvisibility=""/>
        <dynamics jsxborder="@No jsxborder"/>
        <object type="jsx3.gui.LayoutGrid">
          <variants jsxtop="0" jsxleft="0" jsxoverflow="2" jsxrelativeposition="0"/>
          <strings jsxheight="100%" jsxwidth="100%" jsxrows="*" jsxname="layout (--)"/>
        </object>
      </object>
    </object>
    <object type="com.intalio.ria.Section">
      <variants/>
      <strings jsxdisplay="block" riaTitleText="Lomakkeen muokkaus" jsxname="Kentat" jsxclassname="fieldset"/>
      <object type="jsx3.gui.Block">
        <variants jsxtop="0" jsxleft="0" jsxheight="320" jsxwidth="720" jsxoverflow="2" jsxrelativeposition="1"/>
        <strings jsxdisplay="" jsxname="pane" jsxvisibility=""/>
        <dynamics jsxborder="@No jsxborder"/>
        <object type="jsx3.gui.LayoutGrid">
          <variants jsxtop="0" jsxleft="0" jsxoverflow="2" jsxrelativeposition="0"/>
          <strings jsxheight="100%" jsxwidth="100%" jsxrows="0%,13%,8%,17%,7%,9%,9%,9%,9%,12%,*" jsxname="layout (--)"/>
          <object type="jsx3.gui.Block">
            <variants jsxoverflow="2"/>
            <strings jsxheight="100%" jsxwidth="100%" jsxdisplay="none" jsxname="pane"/>
            <dynamics jsxborder="@No jsxborder"/>
            <object type="jsx3.gui.LayoutGrid">
              <variants jsxtop="0" jsxleft="0" jsxoverflow="2" jsxrelativeposition="0"/>
              <strings jsxcols="*" jsxheight="100%" jsxwidth="100%" jsxname="layout ( | )"/>
              <object type="jsx3.gui.Block">
                <variants jsxoverflow="2"/>
                <strings jsxheight="100%" jsxwidth="100%" jsxname="pane"/>
                <dynamics jsxborder="@No jsxborder"/>
                <object type="jsx3.gui.Block">
                  <variants jsxoverflow="3" jsxrelativeposition="1"/>
                  <strings jsxname="label" jsxclassname="FormLabel" jsxtext="Vastaanottajien organisaatio"/>
                </object>
                <object type="com.intalio.ria.Field">
                  <variants/>
                  <strings riaLabelText="ReceipientOrganization" jsxdisplay="" jsxname="ReceipientOrganization-field" riaErrorImageSrc="images/error.gif" jsxclassname="field" riaHelpImageSrc="images/help.gif"/>
                  <object type="jsx3.gui.Select">
                    <variants jsxheight="18" jsxwidth="300" _isfocusing="true" jsxxmlasync="1" jsxtype="1" jsxrequired="0"/>
                    <strings jsxvalue="1" jsxxmlid="Vastaanottajat" jsxxml="&lt;data> &lt;record jsxid=&quot;1&quot; jsxtext=&quot;Luokka 1C&quot;/> &lt;record jsxid=&quot;2&quot; jsxtext=&quot;Luokka 2A&quot;/> &lt;record jsxid=&quot;3&quot; jsxtext=&quot;Luokka 2B&quot;/> &lt;record jsxid=&quot;4&quot; jsxtext=&quot;LUokka 2C&quot;/> &lt;record jsxid=&quot;5&quot; jsxtext=&quot;Luokka 3A&quot;/> &lt;/data>" jsxdefaulttext="-Valitse-" jsxname="ReceipientOrganization" jsxmargin="0 4 0 0"/>
                    <events onkeyup="jsx3.out('a server call could be made here to perform a lookup on the value, ' + this.childNodes[0].value + '.');" onmousedown="this.style.backgroundColor='';" jsxselect="com.intalio.ria.validate(this, objEVENT);"/>
                  </object>
                  <object type="jsx3.gui.Button">
                    <variants jsxindex="0" jsxheight="18"/>
                    <strings jsxname="button" jsxmargin="0 4 0 0" jsxtext="Hae vastaanottajat"/>
                    <events jsxexecute="kokuhenkilot.service.callhaeHenkilotOrganisaatiossa();form1.getJSXByName(&quot;Receipients&quot;).repaint();"/>
                  </object>
                </object>
              </object>
            </object>
          </object>
          <object type="jsx3.gui.Block">
            <variants jsxoverflow="2"/>
            <strings jsxheight="100%" jsxwidth="100%" jsxname="pane"/>
            <dynamics jsxborder="@No jsxborder"/>
            <object type="jsx3.gui.LayoutGrid">
              <variants jsxtop="0" jsxleft="0" jsxoverflow="2" jsxrelativeposition="0"/>
              <strings jsxcols="*" jsxheight="100%" jsxwidth="100%" jsxname="layout ( | )"/>
              <object type="jsx3.gui.Block">
                <variants jsxoverflow="2"/>
                <strings jsxheight="100%" jsxwidth="100%" jsxname="pane"/>
                <dynamics jsxborder="@No jsxborder"/>
                <object type="jsx3.gui.Block">
                  <variants jsxoverflow="3" jsxrelativeposition="1"/>
                  <strings jsxname="label" jsxclassname="FormLabel" jsxtext="Lomakkeen otsikko"/>
                </object>
                <object type="com.intalio.ria.Field">
                  <variants/>
                  <strings riaLabelText="[Text input label]" jsxname="Header_Text-field" riaErrorImageSrc="images/error.gif" jsxclassname="field" riaHelpImageSrc="images/help.gif"/>
                  <object type="jsx3.gui.TextBox">
                    <variants jsxwidth="400"/>
                    <strings jsxvalue="" jsxname="Header_Text" jsxmargin="0 4 0 0"/>
                    <events jsxincchange="com.intalio.ria.validate(this, objEVENT);" jsxfocus="com.intalio.ria.highlightTextInput(this, false);" jsxchange="com.intalio.ria.validate(this, objEVENT);setValueToText(this.getValue(),&quot;formHeaderLabel&quot;);" jsxblur="com.intalio.ria.highlightTextInput(this, true);"/>
                  </object>
                </object>
              </object>
            </object>
          </object>
          <object type="jsx3.gui.Block">
            <variants jsxoverflow="2"/>
            <strings jsxheight="100%" jsxwidth="100%" jsxdisplay="none" jsxname="pane"/>
            <dynamics jsxborder="@No jsxborder"/>
            <object type="jsx3.gui.LayoutGrid">
              <variants jsxtop="0" jsxleft="0" jsxoverflow="2" jsxrelativeposition="0"/>
              <strings jsxcols="*" jsxheight="100%" jsxwidth="100%" jsxname="layout ( | )"/>
              <object type="jsx3.gui.Block">
                <variants jsxoverflow="2"/>
                <strings jsxheight="100%" jsxwidth="100%" jsxname="pane"/>
                <dynamics jsxborder="@No jsxborder"/>
                <object type="jsx3.gui.Block">
                  <variants jsxoverflow="3" jsxrelativeposition="1"/>
                  <strings jsxname="label" jsxclassname="FormLabel" jsxtext="Tekstisektion otsikko"/>
                </object>
                <object type="com.intalio.ria.Field">
                  <variants/>
                  <strings riaLabelText="[Text input label]" jsxname="tekstikentanOtsikko-field" riaErrorImageSrc="images/error.gif" jsxclassname="field" riaHelpImageSrc="images/help.gif"/>
                  <object type="jsx3.gui.TextBox">
                    <variants jsxwidth="400"/>
                    <strings jsxvalue="Kevään luokkaretki" jsxname="tekstikentanOtsikko" jsxmargin="0 4 0 0"/>
                    <events jsxincchange="com.intalio.ria.validate(this, objEVENT);" jsxfocus="com.intalio.ria.highlightTextInput(this, false);" jsxchange="com.intalio.ria.validate(this, objEVENT);" jsxblur="com.intalio.ria.highlightTextInput(this, true);"/>
                  </object>
                </object>
              </object>
            </object>
          </object>
          <object type="jsx3.gui.Block">
            <variants jsxoverflow="2"/>
            <strings jsxheight="100%" jsxwidth="100%" jsxname="pane"/>
            <dynamics jsxborder="@No jsxborder"/>
            <object type="jsx3.gui.LayoutGrid">
              <variants jsxtop="0" jsxleft="0" jsxoverflow="2" jsxrelativeposition="0"/>
              <strings jsxcols="*" jsxheight="100%" jsxwidth="100%" jsxname="layout ( | )"/>
              <object type="jsx3.gui.Block">
                <variants jsxoverflow="2"/>
                <strings jsxheight="100%" jsxwidth="100%" jsxname="pane"/>
                <dynamics jsxborder="@No jsxborder"/>
                <object type="jsx3.gui.Block">
                  <variants jsxoverflow="3" jsxrelativeposition="1"/>
                  <strings jsxname="label" jsxclassname="FormLabel" jsxtext="Kysymys"/>
                </object>
                <object type="com.intalio.ria.Field">
                  <variants/>
                  <strings riaLabelText="[Text input label]" jsxname="kysymys-field" riaErrorImageSrc="images/error.gif" jsxclassname="field" riaHelpImageSrc="images/help.gif"/>
                  <object type="jsx3.gui.TextBox">
                    <variants jsxwidth="400"/>
                    <strings jsxvalue="" jsxname="kysymys" jsxmargin="0 4 0 0"/>
                    <events jsxincchange="com.intalio.ria.validate(this, objEVENT);" jsxfocus="com.intalio.ria.highlightTextInput(this, false);" jsxchange="com.intalio.ria.validate(this, objEVENT);" jsxblur="com.intalio.ria.highlightTextInput(this, true);"/>
                  </object>
                </object>
              </object>
            </object>
          </object>
          <object type="jsx3.gui.Block">
            <variants jsxoverflow="2"/>
            <strings jsxheight="100%" jsxwidth="100%" jsxname="pane"/>
            <dynamics jsxborder="@No jsxborder"/>
            <object type="jsx3.gui.LayoutGrid">
              <variants jsxtop="0" jsxleft="0" jsxoverflow="2" jsxrelativeposition="0"/>
              <strings jsxcols="*" jsxheight="100%" jsxwidth="100%" jsxname="layout ( | )"/>
              <object type="jsx3.gui.Block">
                <variants jsxoverflow="2"/>
                <strings jsxheight="100%" jsxwidth="100%" jsxname="pane"/>
                <dynamics jsxborder="@No jsxborder"/>
                <object type="jsx3.gui.Block">
                  <variants jsxoverflow="3" jsxrelativeposition="1"/>
                  <strings jsxname="label" jsxclassname="FormLabel" jsxtext="Vastaustyyppi"/>
                </object>
              </object>
            </object>
          </object>
          <object type="jsx3.gui.Block">
            <variants jsxoverflow="2"/>
            <strings jsxheight="100%" jsxwidth="100%" jsxname="pane"/>
            <dynamics jsxborder="@No jsxborder"/>
            <object type="jsx3.gui.LayoutGrid">
              <variants jsxtop="0" jsxleft="0" jsxoverflow="2" jsxrelativeposition="0"/>
              <strings jsxcols="6%,*" jsxheight="100%" jsxwidth="100%" jsxname="layout ( | )"/>
              <object type="jsx3.gui.Block">
                <variants jsxoverflow="2"/>
                <strings jsxheight="100%" jsxwidth="100%" jsxname="pane"/>
                <dynamics jsxborder="@No jsxborder"/>
                <object type="com.intalio.ria.Field">
                  <variants/>
                  <strings riaLabelText="[Text input label]" jsxname="vastausVapaa-field" riaErrorImageSrc="images/error.gif" jsxclassname="field" riaHelpImageSrc="images/help.gif"/>
                  <object type="jsx3.gui.CheckBox">
                    <variants jsxchecked="0" jsxheight="18"/>
                    <strings jsxname="vastausVapaa" jsxmargin="0 4 0 0"/>
                    <events jsxtoggle="uncheckTheOthers(this.getParent().getParent().getParent().getParent().getParent().getParent().getParent().getName(),this.getName());"/>
                  </object>
                </object>
              </object>
              <object type="jsx3.gui.Block">
                <variants jsxoverflow="2"/>
                <strings jsxheight="100%" jsxwidth="100%" jsxpadding="6px" jsxname="pane"/>
                <dynamics jsxborder="@No jsxborder"/>
                <object type="jsx3.gui.Block">
                  <variants jsxoverflow="3" jsxrelativeposition="1"/>
                  <strings jsxname="label" jsxclassname="FormLabel" jsxtext="Vapaa tekstikenttä"/>
                </object>
              </object>
            </object>
          </object>
          <object type="jsx3.gui.Block">
            <variants jsxoverflow="2"/>
            <strings jsxheight="100%" jsxwidth="100%" jsxname="pane"/>
            <dynamics jsxborder="@No jsxborder"/>
            <object type="jsx3.gui.LayoutGrid">
              <variants jsxtop="0" jsxleft="0" jsxoverflow="2" jsxrelativeposition="0"/>
              <strings jsxcols="6%,*" jsxheight="100%" jsxwidth="100%" jsxname="layout ( | )"/>
              <object type="jsx3.gui.Block">
                <variants jsxoverflow="2"/>
                <strings jsxheight="100%" jsxwidth="100%" jsxname="pane"/>
                <dynamics jsxborder="@No jsxborder"/>
                <object type="com.intalio.ria.Field">
                  <variants/>
                  <strings riaLabelText="[Text input label]" jsxname="vastausKyllaEi-field" riaErrorImageSrc="images/error.gif" jsxclassname="field" riaHelpImageSrc="images/help.gif"/>
                  <object type="jsx3.gui.CheckBox">
                    <variants jsxchecked="0" jsxheight="18"/>
                    <strings jsxname="vastausKyllaEi" jsxmargin="0 4 0 0"/>
                    <events jsxtoggle="uncheckTheOthers(this.getParent().getParent().getParent().getParent().getParent().getParent().getParent().getName(),this.getName());"/>
                  </object>
                </object>
              </object>
              <object type="jsx3.gui.Block">
                <variants jsxoverflow="2"/>
                <strings jsxheight="100%" jsxwidth="100%" jsxpadding="6px" jsxname="pane"/>
                <dynamics jsxborder="@No jsxborder"/>
                <object type="jsx3.gui.Block">
                  <variants jsxoverflow="3" jsxrelativeposition="1"/>
                  <strings jsxname="label" jsxclassname="FormLabel" jsxtext="Kyllä - Ei"/>
                </object>
              </object>
            </object>
          </object>
          <object type="jsx3.gui.Block">
            <variants jsxoverflow="2"/>
            <strings jsxheight="100%" jsxwidth="100%" jsxname="pane"/>
            <dynamics jsxborder="@No jsxborder"/>
            <object type="jsx3.gui.LayoutGrid">
              <variants jsxtop="0" jsxleft="0" jsxoverflow="2" jsxrelativeposition="0"/>
              <strings jsxcols="6%,*" jsxheight="100%" jsxwidth="100%" jsxname="layout ( | )"/>
              <object type="jsx3.gui.Block">
                <variants jsxoverflow="2"/>
                <strings jsxheight="100%" jsxwidth="100%" jsxname="pane"/>
                <dynamics jsxborder="@No jsxborder"/>
                <object type="com.intalio.ria.Field">
                  <variants/>
                  <strings riaLabelText="[Text input label]" jsxname="vastausVapaatVaihtoehdot-field" riaErrorImageSrc="images/error.gif" jsxclassname="field" riaHelpImageSrc="images/help.gif"/>
                  <object type="jsx3.gui.CheckBox">
                    <variants jsxchecked="0" jsxheight="18"/>
                    <strings jsxname="vastausVapaatVaihtoehdot" jsxmargin="0 4 0 0"/>
                    <events jsxtoggle="uncheckTheOthers(this.getParent().getParent().getParent().getParent().getParent().getParent().getParent().getName(),this.getName());"/>
                  </object>
                </object>
              </object>
              <object type="jsx3.gui.Block">
                <variants jsxoverflow="2"/>
                <strings jsxheight="100%" jsxwidth="100%" jsxpadding="6px" jsxname="pane"/>
                <dynamics jsxborder="@No jsxborder"/>
                <object type="jsx3.gui.Block">
                  <variants jsxoverflow="3" jsxrelativeposition="1"/>
                  <strings jsxname="label" jsxclassname="FormLabel" jsxtext="Vapaavalintaiset vaihtoehdot"/>
                </object>
              </object>
            </object>
          </object>
          <object type="jsx3.gui.Block">
            <variants jsxoverflow="2"/>
            <strings jsxheight="100%" jsxwidth="100%" jsxname="pane"/>
            <dynamics jsxborder="@No jsxborder"/>
            <object type="jsx3.gui.LayoutGrid">
              <variants jsxtop="0" jsxleft="0" jsxoverflow="2" jsxrelativeposition="0"/>
              <strings jsxcols="6%,*" jsxheight="100%" jsxwidth="100%" jsxname="layout ( | )"/>
              <object type="jsx3.gui.Block">
                <variants jsxoverflow="2"/>
                <strings jsxheight="100%" jsxwidth="100%" jsxname="pane"/>
                <dynamics jsxborder="@No jsxborder"/>
                <object type="com.intalio.ria.Field">
                  <variants/>
                  <strings riaLabelText="[Text input label]" jsxname="vastausKalenteriVaihtoehdot-field" riaErrorImageSrc="images/error.gif" jsxclassname="field" riaHelpImageSrc="images/help.gif"/>
                  <object type="jsx3.gui.CheckBox">
                    <variants jsxchecked="0" jsxheight="18"/>
                    <strings jsxname="vastausKalenteriVaihtoehdot" jsxmargin="0 4 0 0"/>
                    <events jsxtoggle="uncheckTheOthers(this.getParent().getParent().getParent().getParent().getParent().getParent().getParent().getName(),this.getName());"/>
                  </object>
                </object>
              </object>
              <object type="jsx3.gui.Block">
                <variants jsxoverflow="2"/>
                <strings jsxheight="100%" jsxwidth="100%" jsxpadding="6px" jsxname="pane"/>
                <dynamics jsxborder="@No jsxborder"/>
                <object type="jsx3.gui.Block">
                  <variants jsxoverflow="3" jsxrelativeposition="1"/>
                  <strings jsxname="label" jsxclassname="FormLabel" jsxtext="Kalenteri"/>
                </object>
              </object>
            </object>
          </object>
          <object type="jsx3.gui.Block">
            <variants jsxoverflow="2"/>
            <strings jsxheight="100%" jsxwidth="100%" jsxdisplay="none" jsxname="pane"/>
            <dynamics jsxborder="@No jsxborder"/>
            <object type="jsx3.gui.LayoutGrid">
              <variants jsxtop="0" jsxleft="0" jsxoverflow="2" jsxrelativeposition="0"/>
              <strings jsxcols="6%,*" jsxheight="100%" jsxwidth="100%" jsxname="layout ( | )"/>
              <object type="jsx3.gui.Block">
                <variants jsxoverflow="2"/>
                <strings jsxheight="100%" jsxwidth="100%" jsxname="pane"/>
                <dynamics jsxborder="@No jsxborder"/>
                <object type="com.intalio.ria.Field">
                  <variants/>
                  <strings riaLabelText="[Text input label]" jsxname="vastausKalenteriVaihtoehdot-field" riaErrorImageSrc="images/error.gif" jsxclassname="field" riaHelpImageSrc="images/help.gif"/>
                  <object type="jsx3.gui.CheckBox">
                    <variants jsxchecked="0" jsxheight="18"/>
                    <strings jsxname="vastausNumeroVaihtoehdot" jsxmargin="0 4 0 0"/>
                    <events jsxtoggle="uncheckTheOthers(this.getParent().getParent().getParent().getParent().getParent().getParent().getParent().getName(),this.getName());"/>
                  </object>
                </object>
              </object>
              <object type="jsx3.gui.Block">
                <variants jsxoverflow="2"/>
                <strings jsxheight="100%" jsxwidth="100%" jsxpadding="6px" jsxname="pane"/>
                <dynamics jsxborder="@No jsxborder"/>
                <object type="jsx3.gui.Block">
                  <variants jsxoverflow="3" jsxrelativeposition="1"/>
                  <strings jsxname="label" jsxclassname="FormLabel" jsxtext="Numero"/>
                </object>
              </object>
            </object>
          </object>
          <object type="jsx3.gui.Block">
            <variants jsxoverflow="2"/>
            <strings jsxheight="100%" jsxwidth="100%" jsxdisplay="" jsxname="pane"/>
            <dynamics jsxborder="@No jsxborder"/>
            <object type="jsx3.gui.LayoutGrid">
              <variants jsxtop="0" jsxleft="0" jsxoverflow="2" jsxrelativeposition="0"/>
              <strings jsxcols="*" jsxheight="100%" jsxwidth="100%" jsxdisplay="" jsxname="layout ( | )"/>
              <object type="jsx3.gui.Block">
                <variants jsxoverflow="2"/>
                <strings jsxheight="100%" jsxwidth="100%" jsxpadding="" jsxdisplay="" jsxname="pane"/>
                <dynamics jsxborder="@No jsxborder"/>
                <object type="jsx3.gui.Button">
                  <variants jsxindex="0" jsxheight="18"/>
                  <strings jsxdisplay="" jsxname="button" jsxmargin="0 4 0 20" jsxtext="Lisää kysymys"/>
                  <events jsxexecute="inputSection(form1.getJSXByName(&quot;tekstikentanOtsikko&quot;).getValue(),form1.getJSXByName(&quot;kysymys&quot;).getValue());"/>
                </object>
              </object>
            </object>
          </object>
        </object>
      </object>
      <object type="jsx3.gui.TextBox">
        <variants jsxvalue="1"/>
        <strings jsxdisplay="none" jsxname="sectionNumber" jsxmargin="0 4 0 0"/>
        <events jsxfocus="com.intalio.ria.highlightTextInput(this, false);" jsxblur="com.intalio.ria.highlightTextInput(this, true);"/>
      </object>
      <object type="jsx3.gui.TextBox">
        <variants/>
        <strings jsxvalue="0" jsxdisplay="none" jsxname="multipleChoiceCounter" jsxmargin="0 4 0 0"/>
        <events jsxfocus="com.intalio.ria.highlightTextInput(this, false);" jsxblur="com.intalio.ria.highlightTextInput(this, true);"/>
      </object>
      <object type="jsx3.gui.TextBox">
        <variants/>
        <strings jsxvalue="0" jsxdisplay="none" jsxname="ID" jsxmargin="0 4 0 0"/>
        <events jsxfocus="com.intalio.ria.highlightTextInput(this, false);" jsxblur="com.intalio.ria.highlightTextInput(this, true);"/>
      </object>
    </object>
    <object type="com.intalio.ria.Section">
      <variants/>
      <strings jsxdisplay="block" riaTitleText="Pohjan näkyvyys" jsxname="PohjaNakyvyys" jsxclassname="fieldset"/>
      <object type="jsx3.gui.Block">
        <variants jsxtop="0" jsxleft="0" jsxheight="90" jsxwidth="720" jsxoverflow="2" jsxrelativeposition="1"/>
        <strings jsxdisplay="" jsxname="pane" jsxvisibility=""/>
        <dynamics jsxborder="@No jsxborder"/>
        <object type="jsx3.gui.LayoutGrid">
          <variants jsxtop="0" jsxleft="0" jsxoverflow="2" jsxrelativeposition="0"/>
          <strings jsxheight="100%" jsxwidth="100%" jsxrows="33%,33%,*" jsxname="layout (--)"/>
          <object type="jsx3.gui.Block">
            <variants jsxoverflow="2"/>
            <strings jsxheight="100%" jsxwidth="100%" jsxname="pane"/>
            <dynamics jsxborder="@No jsxborder"/>
            <object type="jsx3.gui.LayoutGrid">
              <variants jsxtop="0" jsxleft="0" jsxoverflow="2" jsxrelativeposition="0"/>
              <strings jsxcols="6%,*" jsxheight="100%" jsxwidth="100%" jsxname="layout ( | )"/>
              <object type="jsx3.gui.Block">
                <variants jsxoverflow="2"/>
                <strings jsxheight="100%" jsxwidth="100%" jsxname="pane"/>
                <dynamics jsxborder="@No jsxborder"/>
                <object type="com.intalio.ria.Field">
                  <variants/>
                  <strings riaLabelText="[Text input label]" jsxname="PohjaNakyvyys_Mina-field" riaErrorImageSrc="images/error.gif" jsxclassname="field" riaHelpImageSrc="images/help.gif"/>
                  <object type="jsx3.gui.CheckBox">
                    <variants jsxchecked="0" jsxheight="18"/>
                    <strings jsxname="PohjaNakyvyys_Mina" jsxmargin="0 4 0 0"/>
                    <events jsxtoggle="uncheckTheOthers(&quot;PohjaNakyvyys&quot;,this.getName());"/>
                  </object>
                </object>
              </object>
              <object type="jsx3.gui.Block">
                <variants jsxoverflow="2"/>
                <strings jsxheight="100%" jsxwidth="100%" jsxpadding="6px" jsxname="pane"/>
                <dynamics jsxborder="@No jsxborder"/>
                <object type="jsx3.gui.Block">
                  <variants jsxoverflow="3" jsxrelativeposition="1"/>
                  <strings jsxname="label" jsxclassname="FormLabel" jsxtext="Näkyy vain minulle"/>
                </object>
              </object>
            </object>
          </object>
          <object type="jsx3.gui.Block">
            <variants jsxoverflow="2"/>
            <strings jsxheight="100%" jsxwidth="100%" jsxname="pane"/>
            <dynamics jsxborder="@No jsxborder"/>
            <object type="jsx3.gui.LayoutGrid">
              <variants jsxtop="0" jsxleft="0" jsxoverflow="2" jsxrelativeposition="0"/>
              <strings jsxcols="6%,*" jsxheight="100%" jsxwidth="100%" jsxname="layout ( | )"/>
              <object type="jsx3.gui.Block">
                <variants jsxoverflow="2"/>
                <strings jsxheight="100%" jsxwidth="100%" jsxname="pane"/>
                <dynamics jsxborder="@No jsxborder"/>
                <object type="com.intalio.ria.Field">
                  <variants/>
                  <strings riaLabelText="[Text input label]" jsxname="PohjaNakyvyys_Organisaatio-field" riaErrorImageSrc="images/error.gif" jsxclassname="field" riaHelpImageSrc="images/help.gif"/>
                  <object type="jsx3.gui.CheckBox">
                    <variants jsxchecked="0" jsxheight="18"/>
                    <strings jsxname="PohjaNakyvyys_Organisaatio" jsxmargin="0 4 0 0"/>
                    <events jsxtoggle="uncheckTheOthers(&quot;PohjaNakyvyys&quot;,this.getName());"/>
                  </object>
                </object>
              </object>
              <object type="jsx3.gui.Block">
                <variants jsxoverflow="2"/>
                <strings jsxheight="100%" jsxwidth="100%" jsxpadding="6px" jsxname="pane"/>
                <dynamics jsxborder="@No jsxborder"/>
                <object type="jsx3.gui.Block">
                  <variants jsxoverflow="3" jsxrelativeposition="1"/>
                  <strings jsxname="label" jsxclassname="FormLabel" jsxtext="Näkyy vain organisaatioyksikölleni"/>
                </object>
              </object>
            </object>
          </object>
          <object type="jsx3.gui.Block">
            <variants jsxoverflow="2"/>
            <strings jsxheight="100%" jsxwidth="100%" jsxname="pane"/>
            <dynamics jsxborder="@No jsxborder"/>
            <object type="jsx3.gui.LayoutGrid">
              <variants jsxtop="0" jsxleft="0" jsxoverflow="2" jsxrelativeposition="0"/>
              <strings jsxcols="6%,*" jsxheight="100%" jsxwidth="100%" jsxname="layout ( | )"/>
              <object type="jsx3.gui.Block">
                <variants jsxoverflow="2"/>
                <strings jsxheight="100%" jsxwidth="100%" jsxname="pane"/>
                <dynamics jsxborder="@No jsxborder"/>
                <object type="com.intalio.ria.Field">
                  <variants/>
                  <strings riaLabelText="[Text input label]" jsxname="PohjaNakyvyys_Kaikki-field" riaErrorImageSrc="images/error.gif" jsxclassname="field" riaHelpImageSrc="images/help.gif"/>
                  <object type="jsx3.gui.CheckBox">
                    <variants jsxchecked="0" jsxheight="18"/>
                    <strings jsxname="PohjaNakyvyys_Kaikki" jsxmargin="0 4 0 0"/>
                    <events jsxtoggle="uncheckTheOthers(&quot;PohjaNakyvyys&quot;,this.getName());"/>
                  </object>
                </object>
              </object>
              <object type="jsx3.gui.Block">
                <variants jsxoverflow="2"/>
                <strings jsxheight="100%" jsxwidth="100%" jsxpadding="6px" jsxname="pane"/>
                <dynamics jsxborder="@No jsxborder"/>
                <object type="jsx3.gui.Block">
                  <variants jsxoverflow="3" jsxrelativeposition="1"/>
                  <strings jsxname="label" jsxclassname="FormLabel" jsxtext="Näkyy kaikille"/>
                </object>
              </object>
            </object>
          </object>
        </object>
      </object>
      <object type="com.intalio.ria.Field">
        <variants/>
        <strings riaLabelText="[Text input label]" jsxdisplay="none" jsxname="PohjaNakyvyys_Arvo-field" riaErrorImageSrc="images/error.gif" jsxclassname="field" riaHelpImageSrc="images/help.gif"/>
        <object type="jsx3.gui.TextBox">
          <variants jsxwidth="400"/>
          <strings jsxvalue="Testiviesti" jsxname="PohjaNakyvyys_Arvo" jsxmargin="0 4 0 0"/>
          <events jsxincchange="com.intalio.ria.validate(this, objEVENT);" jsxfocus="com.intalio.ria.highlightTextInput(this, false);" jsxchange="com.intalio.ria.validate(this, objEVENT);setValueToText(this.getValue(),&quot;formHeaderLabel&quot;);" jsxblur="com.intalio.ria.highlightTextInput(this, true);"/>
        </object>
      </object>
    </object>
    <object type="jsx3.gui.Block">
      <variants/>
      <strings jsxwidth="100%" jsxpadding="5 10 0 10" jsxname="header" jsxrelativeposition="1"/>
      <object type="jsx3.gui.Block">
        <variants jsxrelativeposition="1"/>
        <strings jsxwidth="100%" jsxname="formHeaderLabel" jsxclassname="form-title-new" jsxtext=""/>
      </object>
    </object>
    <object type="com.intalio.ria.Section">
      <variants/>
      <strings jsxdisplay="none" riaTitleText="Viestin tiedot" jsxname="User" jsxclassname="fieldset"/>
      <object type="jsx3.gui.Block">
        <variants jsxtop="0" jsxleft="0" jsxheight="200" jsxwidth="720" jsxoverflow="2" jsxrelativeposition="1"/>
        <strings jsxdisplay="" jsxname="pane" jsxvisibility=""/>
        <dynamics jsxborder="@No jsxborder"/>
        <object type="jsx3.gui.LayoutGrid">
          <variants jsxtop="0" jsxleft="0" jsxoverflow="2" jsxrelativeposition="0"/>
          <strings jsxheight="100%" jsxwidth="100%" jsxrows="30%,10%,*" jsxname="layout (--)"/>
          <object type="jsx3.gui.Block">
            <variants jsxoverflow="2"/>
            <strings jsxheight="100%" jsxwidth="100%" jsxname="pane"/>
            <dynamics jsxborder="@No jsxborder"/>
            <object type="jsx3.gui.LayoutGrid">
              <variants jsxtop="0" jsxleft="0" jsxoverflow="2" jsxrelativeposition="0"/>
              <strings jsxcols="*" jsxheight="100%" jsxwidth="100%" jsxname="layout ( | )"/>
              <object type="jsx3.gui.Block">
                <variants jsxoverflow="2"/>
                <strings jsxheight="100%" jsxwidth="100%" jsxname="pane"/>
                <dynamics jsxborder="@No jsxborder"/>
                <object type="jsx3.gui.Block">
                  <variants jsxoverflow="3" jsxrelativeposition="1"/>
                  <strings jsxname="label" jsxclassname="FormLabel" jsxtext="Lähettäjä"/>
                </object>
                <object type="com.intalio.ria.Field">
                  <variants/>
                  <strings riaLabelText="[Text input label]" jsxname="User_Sender-field" riaErrorImageSrc="images/error.gif" jsxclassname="field" riaHelpImageSrc="images/help.gif"/>
                  <object type="jsx3.gui.TextBox">
                    <variants jsxwidth="300"/>
                    <strings jsxvalue="" jsxname="User_Sender" jsxmargin="0 4 0 0"/>
                    <events jsxincchange="com.intalio.ria.validate(this, objEVENT);" jsxfocus="com.intalio.ria.highlightTextInput(this, false);" jsxchange="com.intalio.ria.validate(this, objEVENT);" jsxblur="com.intalio.ria.highlightTextInput(this, true);"/>
                  </object>
                </object>
              </object>
            </object>
          </object>
          <object type="jsx3.gui.Block">
            <variants jsxoverflow="2"/>
            <strings jsxheight="100%" jsxwidth="100%" jsxname="pane"/>
            <dynamics jsxborder="@No jsxborder"/>
            <object type="jsx3.gui.LayoutGrid">
              <variants jsxtop="0" jsxleft="0" jsxoverflow="2" jsxrelativeposition="0"/>
              <strings jsxcols="*" jsxheight="100%" jsxwidth="100%" jsxname="layout ( | )"/>
              <object type="jsx3.gui.Block">
                <variants jsxoverflow="2"/>
                <strings jsxheight="100%" jsxwidth="100%" jsxname="pane"/>
                <dynamics jsxborder="@No jsxborder"/>
                <object type="jsx3.gui.Block">
                  <variants jsxoverflow="3" jsxrelativeposition="1"/>
                  <strings jsxname="label" jsxclassname="FormLabel" jsxtext="Vastaanottaja(t)"/>
                </object>
              </object>
            </object>
          </object>
          <object type="jsx3.gui.Block">
            <variants jsxoverflow="2"/>
            <strings jsxheight="100%" jsxwidth="100%" jsxname="pane"/>
            <dynamics jsxborder="@No jsxborder"/>
            <object type="jsx3.gui.LayoutGrid">
              <variants jsxtop="0" jsxleft="0" jsxoverflow="2" jsxrelativeposition="0"/>
              <strings jsxcols="*" jsxheight="100%" jsxwidth="100%" jsxname="layout ( | )"/>
              <object type="jsx3.gui.Block">
                <variants jsxoverflow="2"/>
                <strings jsxheight="100%" jsxwidth="100%" jsxname="pane" jsxmargin="0 4 0 0"/>
                <dynamics jsxborder="@No jsxborder"/>
                <object type="com.intalio.ria.Field">
                  <variants/>
                  <strings riaLabelText="Receipients" jsxname="Receipients-field" riaErrorImageSrc="images/error.gif" jsxclassname="field" riaHelpImageSrc="images/help.gif"/>
                  <object type="jsx3.gui.Block">
                    <variants jsxheight="110" jsxwidth="400" jsxoverflow="1"/>
                    <strings jsxname="matrix-block" jsxrelativeposition="1"/>
                    <object type="jsx3.gui.Matrix">
                      <variants jsxautorow="1" jsxselectionmodel="0" jsxpagingmodel="1" jsxjsxxmlasync="1"/>
                      <strings jsxsortdirection="ascending" jsxbodyborder="1px solid #dfdfef" jsxheaderborder="1px solid #dfdfef" jsxxmlid="Receipients-nomap" jsxsortpath="Receipients_Receipient" jsxsorttype="text" jsxname="Receipients" jsxbgcolor="#efefff"/>
                      <events jsxaftercommit="this.getParent().getParent().validate(this, objEVENT);"/>
                      <xslparameters jsx_rowbg2="#efefff" jsx_rowbg1="#ffffff"/>
                      <object type="jsx3.gui.Matrix.Column">
                        <variants jsxwidth="47"/>
                        <strings jsxcellpadding="1" jsxpadding="2" jsxtextalign="center" jsxname="deleteButtonColumn" jsxcelltextalign="center" jsxvaluetemplate="@empty" jsxtext="Poista"/>
                        <dynamics jsxbg="@Bevel TopDown" jsxborder="@Outset" jsxbgcolor="@Solid Disabled"/>
                        <object type="jsx3.gui.ImageButton">
                          <variants jsxenabled="1" jsxstate="0" jsxheight="16" jsxwidth="16" jsxprefetch="1" jsxtype="0"/>
                          <strings jsximage="jsx:///images/list/delete.gif" jsxname="deleteButtonMask"/>
                          <events jsxexecute="this.getParent().getParent().deleteRecord(this.emGetSession().recordId, true);this.getParent().getParent().getParent().getParent().validate(this, objEVENT);"/>
                        </object>
                      </object>
                      <object type="jsx3.gui.Matrix.Column">
                        <variants/>
                        <strings jsxcellpadding="3" jsxpath="Receipients_Receipient" jsxwidth="*" jsxpadding="2" jsxname="Receipients_Receipient" jsxtext="Vastaanottaja"/>
                        <dynamics jsxbg="@Bevel TopDown" jsxborder="@Outset" jsxbgcolor="@Solid Disabled"/>
                        <object type="jsx3.gui.TextBox">
                          <variants jsxtop="60" jsxleft="47" jsxheight="20" jsxwidth="100" jsxzindex="10" jsxrelativeposition="0"/>
                          <strings jsxvalue="Tapani kansa" jsxdisplay="none" jsxname="Receipients_Receipient"/>
                          <events jsxincchange="com.intalio.ria.validate(this, objEVENT);" jsxfocus="com.intalio.ria.highlightTextInput(this, false);" jsxkeydown="1;" jsxchange="com.intalio.ria.validate(this, objEVENT);" jsxblur="com.intalio.ria.highlightTextInput(this, true);"/>
                        </object>
                      </object>
                    </object>
                  </object>
                </object>
                <object type="com.intalio.ria.Field">
                  <variants/>
                  <strings riaLabelText="Receipients1" jsxname="Receipients1-field" riaErrorImageSrc="images/error.gif" jsxclassname="field" riaHelpImageSrc="images/help.gif"/>
                  <object type="jsx3.gui.Block">
                    <variants jsxheight="120" jsxwidth="150" jsxoverflow="2"/>
                    <strings jsxname="multi1" jsxmargin="0 4 0 0" jsxbgcolor="#FFFFFF"/>
                    <dynamics jsxborder="@Inset"/>
                    <object type="jsx3.gui.Block">
                      <variants jsxoverflow="3"/>
                      <strings jsxheight="100%" jsxwidth="100%" jsxname="block"/>
                      <object type="jsx3.gui.Matrix">
                        <variants jsxheaderheight="0" jsxscalewidth="1" jsxselectionmodel="2" jsxjsxxmlasync="1"/>
                        <strings jsxxml="" jsxxmlid="Receipients" jsxname="Receipients1" jsxxmlurl="" jsxfocusstyle="."/>
                        <object type="jsx3.gui.Matrix.Column">
                          <variants/>
                          <strings jsxcellpadding="2" jsxpath="jsxtext" jsxname="column-map"/>
                        </object>
                      </object>
                    </object>
                  </object>
                </object>
                <object type="jsx3.gui.Block">
                  <variants jsxheight="120" jsxwidth="150" jsxoverflow="2"/>
                  <strings jsxname="multi1" jsxmargin="0 4 0 0" jsxbgcolor="#FFFFFF"/>
                  <dynamics jsxborder="@Inset"/>
                  <object type="jsx3.gui.Block">
                    <variants jsxoverflow="3"/>
                    <strings jsxheight="100%" jsxwidth="100%" jsxname="block"/>
                    <object type="jsx3.gui.Matrix">
                      <variants jsxheaderheight="0" jsxscalewidth="1" jsxselectionmodel="2" jsxjsxxmlasync="1"/>
                      <strings jsxxmlid="Receipients-nomap" jsxxml="&lt;data jsxid=&quot;jsxroot&quot;>             &lt;record jsxid=&quot;0&quot; jsxtext=&quot;Kalle Kuntalainen&quot; Receipients_Receipient=&quot;Kalle Kuntalainen&quot;/>  &lt;record jsxid=&quot;1&quot; jsxtext=&quot;Kirsi Kuntalainen&quot; Receipients_Receipient=&quot;Kirsi Kuntalainen&quot;/>  &lt;record jsxid=&quot;2&quot; jsxtext=&quot;Keijo Kuntalainen&quot; Receipients_Receipient=&quot;Keijo Kuntalainen&quot;/>  &lt;record jsxid=&quot;3&quot; jsxtext=&quot;Lassi Lapsi&quot; Receipients_Receipient=&quot;Lassi Lapsi&quot;/>    &lt;record jsxid=&quot;4&quot; jsxtext=&quot;Liisa Lapsi&quot; Receipients_Receipient=&quot;Liisa Lapsi&quot;/>         &lt;/data>" jsxname="Receipients2" jsxxmlurl="" jsxfocusstyle="."/>
                      <object type="jsx3.gui.Matrix.Column">
                        <variants/>
                        <strings jsxpath="jsxtext" jsxcellpadding="2" jsxname="Receipients_Receipient2"/>
                      </object>
                    </object>
                  </object>
                </object>
                <object type="com.intalio.ria.Field">
                  <variants/>
                  <strings riaLabelText="User_Recipient" jsxdisplay="none" jsxname="User_Recipient-field" riaErrorImageSrc="images/error.gif" jsxclassname="field" riaHelpImageSrc="images/help.gif"/>
                  <object type="jsx3.gui.Select">
                    <variants jsxheight="18" jsxwidth="300" _isfocusing="true" jsxxmlasync="1" jsxtype="1" jsxrequired="0"/>
                    <strings jsxvalue="-Valitse-" jsxxmlid="Vastaanottajat" jsxxml="&lt;data> &lt;record jsxid=&quot;Kalle Kuntalainen&quot; jsxtext=&quot;Kalle Kuntalainen&quot;/> &lt;record jsxid=&quot;Keijo Kuntalainen&quot; jsxtext=&quot;Keijo Kuntalainen&quot;/> &lt;record jsxid=&quot;Kirsi Kuntalainen&quot; jsxtext=&quot;Kirsi Kuntalainen&quot;/> &lt;record jsxid=&quot;Lassi Lapsi&quot; jsxtext=&quot;Lassi Lapsi&quot;/> &lt;record jsxid=&quot;Liisa Lapsi&quot; jsxtext=&quot;Liisa Lapsi&quot;/> &lt;/data>" jsxdefaulttext="-Valitse-" jsxname="User_Recipient" jsxmargin="0 4 0 0"/>
                    <events onkeyup="jsx3.out('a server call could be made here to perform a lookup on the value, ' + this.childNodes[0].value + '.');" onmousedown="this.style.backgroundColor='';" jsxselect="com.intalio.ria.validate(this, objEVENT);"/>
                  </object>
                </object>
              </object>
            </object>
          </object>
        </object>
      </object>
    </object>
    <object type="jsx3.gui.Block">
      <variants jsxheight="165" jsxoverflow="1"/>
      <strings jsxwidth="100%" jsxname="paneBlock" jsxrelativeposition="1"/>
      <object type="com.intalio.ria.Section">
        <variants/>
        <strings jsxdisplay="block" riaTitleText="Viesti" jsxname="block" jsxclassname="fieldset"/>
      </object>
    </object>
    <object type="com.intalio.ria.Section">
      <variants/>
      <strings jsxdisplay="none" riaTitleText="Dynamic_Fields_Form" jsxname="Dynamic_Fields_Form" jsxclassname="fieldset"/>
      <object type="com.intalio.ria.Section">
        <variants/>
        <strings jsxdisplay="" riaTitleText="Otsikko" jsxname="HTML" jsxclassname="fieldset"/>
        <object type="jsx3.gui.Block">
          <variants jsxtop="0" jsxleft="0" jsxheight="50" jsxwidth="720" jsxoverflow="2" jsxrelativeposition="1"/>
          <strings jsxdisplay="" jsxname="pane" jsxvisibility=""/>
          <dynamics jsxborder="@No jsxborder"/>
          <object type="jsx3.gui.LayoutGrid">
            <variants jsxtop="0" jsxleft="0" jsxoverflow="2" jsxrelativeposition="0"/>
            <strings jsxheight="100%" jsxwidth="100%" jsxrows="*" jsxname="layout (--)"/>
            <object type="jsx3.gui.Block">
              <variants jsxoverflow="2"/>
              <strings jsxheight="100%" jsxwidth="100%" jsxname="pane"/>
              <dynamics jsxborder="@No jsxborder"/>
              <object type="jsx3.gui.LayoutGrid">
                <variants jsxtop="0" jsxleft="0" jsxoverflow="2" jsxrelativeposition="0"/>
                <strings jsxcols="*" jsxheight="100%" jsxwidth="100%" jsxname="layout ( | )"/>
                <object type="jsx3.gui.Block">
                  <variants jsxoverflow="2"/>
                  <strings jsxheight="100%" jsxwidth="100%" jsxname="pane"/>
                  <dynamics jsxborder="@No jsxborder"/>
                  <object type="jsx3.gui.Block">
                    <variants jsxoverflow="3" jsxrelativeposition="1"/>
                    <strings jsxname="label" jsxclassname="FormLabel" jsxtext="HTML"/>
                  </object>
                  <object type="com.intalio.ria.Field">
                    <variants/>
                    <strings riaLabelText="[Text input label]" jsxname="HTML_Sisalto-field" riaErrorImageSrc="images/error.gif" jsxclassname="field" riaHelpImageSrc="images/help.gif"/>
                    <object type="jsx3.gui.TextBox">
                      <variants jsxwidth="400"/>
                      <strings jsxvalue="-" jsxname="HTML_Sisalto" jsxmargin="0 4 0 0"/>
                      <events jsxincchange="com.intalio.ria.validate(this, objEVENT);" jsxfocus="com.intalio.ria.highlightTextInput(this, false);" jsxchange="com.intalio.ria.validate(this, objEVENT);" jsxblur="com.intalio.ria.highlightTextInput(this, true);"/>
                    </object>
                  </object>
                </object>
              </object>
            </object>
          </object>
        </object>
      </object>
      <object type="com.intalio.ria.Section">
        <variants/>
        <strings jsxdisplay="" riaTitleText="Otsikko" jsxname="RequestProcessing" jsxclassname="fieldset"/>
        <object type="jsx3.gui.Block">
          <variants jsxtop="0" jsxleft="0" jsxheight="50" jsxwidth="720" jsxoverflow="2" jsxrelativeposition="1"/>
          <strings jsxdisplay="" jsxname="pane" jsxvisibility=""/>
          <dynamics jsxborder="@No jsxborder"/>
          <object type="jsx3.gui.LayoutGrid">
            <variants jsxtop="0" jsxleft="0" jsxoverflow="2" jsxrelativeposition="0"/>
            <strings jsxheight="100%" jsxwidth="100%" jsxrows="*" jsxname="layout (--)"/>
            <object type="jsx3.gui.Block">
              <variants jsxoverflow="2"/>
              <strings jsxheight="100%" jsxwidth="100%" jsxname="pane"/>
              <dynamics jsxborder="@No jsxborder"/>
              <object type="jsx3.gui.LayoutGrid">
                <variants jsxtop="0" jsxleft="0" jsxoverflow="2" jsxrelativeposition="0"/>
                <strings jsxcols="*" jsxheight="100%" jsxwidth="100%" jsxname="layout ( | )"/>
                <object type="jsx3.gui.Block">
                  <variants jsxoverflow="2"/>
                  <strings jsxheight="100%" jsxwidth="100%" jsxname="pane"/>
                  <dynamics jsxborder="@No jsxborder"/>
                  <object type="jsx3.gui.Block">
                    <variants jsxoverflow="3" jsxrelativeposition="1"/>
                    <strings jsxname="label" jsxclassname="FormLabel" jsxtext="RequestID"/>
                  </object>
                  <object type="com.intalio.ria.Field">
                    <variants/>
                    <strings riaLabelText="[Text input label]" jsxname="RequestProcessing_RequestID-field" riaErrorImageSrc="images/error.gif" jsxclassname="field" riaHelpImageSrc="images/help.gif"/>
                    <object type="jsx3.gui.TextBox">
                      <variants jsxwidth="400"/>
                      <strings jsxvalue="-" jsxname="RequestProcessing_RequestID" jsxmargin="0 4 0 0"/>
                      <events jsxincchange="com.intalio.ria.validate(this, objEVENT);" jsxfocus="com.intalio.ria.highlightTextInput(this, false);" jsxchange="com.intalio.ria.validate(this, objEVENT);" jsxblur="com.intalio.ria.highlightTextInput(this, true);"/>
                    </object>
                  </object>
                </object>
              </object>
            </object>
          </object>
        </object>
      </object>
      <object type="com.intalio.ria.Field">
        <variants/>
        <strings riaLabelText="TextInput" jsxname="TextInput-field" riaErrorImageSrc="images/error.gif" jsxclassname="field" riaHelpImageSrc="images/help.gif"/>
        <object type="jsx3.gui.Block">
          <variants jsxheight="110" jsxwidth="650" jsxoverflow="1"/>
          <strings jsxname="matrix-block" jsxrelativeposition="1"/>
          <object type="jsx3.gui.Matrix">
            <variants jsxautorow="1" jsxselectionmodel="0" jsxpagingmodel="1" jsxjsxxmlasync="1"/>
            <strings jsxbodyborder="1px solid #dfdfef" jsxheaderborder="1px solid #dfdfef" jsxxmlid="TextInput-nomap" jsxname="TextInput" jsxbgcolor="#efefff"/>
            <events jsxaftercommit="this.getParent().getParent().validate(this, objEVENT);"/>
            <xslparameters jsx_rowbg2="#efefff" jsx_rowbg1="#ffffff"/>
            <object type="jsx3.gui.Matrix.Column">
              <variants jsxwidth="50"/>
              <strings jsxcellpadding="1" jsxpadding="2" jsxtextalign="center" jsxname="deleteButtonColumn" jsxcelltextalign="center" jsxvaluetemplate="@empty" jsxtext="Delete"/>
              <dynamics jsxbg="@Bevel TopDown" jsxborder="@Outset" jsxbgcolor="@Solid Disabled"/>
              <object type="jsx3.gui.ImageButton">
                <variants jsxenabled="1" jsxstate="0" jsxheight="16" jsxwidth="16" jsxprefetch="1" jsxtype="0"/>
                <strings jsximage="jsx:///images/list/delete.gif" jsxname="deleteButtonMask"/>
                <events jsxexecute="this.getParent().getParent().deleteRecord(this.emGetSession().recordId, true);this.getParent().getParent().getParent().getParent().validate(this, objEVENT);"/>
              </object>
            </object>
            <object type="jsx3.gui.Matrix.Column">
              <variants/>
              <strings jsxcellpadding="3" jsxpath="TextInput_Question" jsxwidth="100" jsxpadding="2" jsxname="TextInput_Question" jsxtext="TextInput_Question"/>
              <dynamics jsxbg="@Bevel TopDown" jsxborder="@Outset" jsxbgcolor="@Solid Disabled"/>
              <object type="jsx3.gui.TextBox">
                <variants jsxtop="0" jsxleft="50" jsxheight="20" jsxwidth="100" jsxzindex="10" jsxrelativeposition="0"/>
                <strings jsxvalue="" jsxdisplay="none" jsxname="TextInput_Question"/>
                <events jsxincchange="com.intalio.ria.validate(this, objEVENT);" jsxfocus="com.intalio.ria.highlightTextInput(this, false);" jsxkeydown="1;" jsxchange="com.intalio.ria.validate(this, objEVENT);" jsxblur="com.intalio.ria.highlightTextInput(this, true);"/>
              </object>
            </object>
            <object type="jsx3.gui.Matrix.Column">
              <variants/>
              <strings jsxcellpadding="3" jsxpath="TextInput_Section" jsxwidth="100" jsxpadding="2" jsxname="TextInput_Section" jsxtext="TextInput_Section"/>
              <dynamics jsxbg="@Bevel TopDown" jsxborder="@Outset" jsxbgcolor="@Solid Disabled"/>
              <object type="jsx3.gui.TextBox">
                <variants jsxtop="0" jsxleft="150" jsxheight="20" jsxwidth="100" jsxzindex="10" jsxrelativeposition="0"/>
                <strings jsxvalue="" jsxdisplay="none" jsxname="TextInput_Section"/>
                <events jsxincchange="com.intalio.ria.validate(this, objEVENT);" jsxfocus="com.intalio.ria.highlightTextInput(this, false);" jsxkeydown="1;" jsxchange="com.intalio.ria.validate(this, objEVENT);" jsxblur="com.intalio.ria.highlightTextInput(this, true);"/>
              </object>
            </object>
            <object type="jsx3.gui.Matrix.Column">
              <variants/>
              <strings jsxcellpadding="3" jsxpath="TextInput_AnswerText" jsxwidth="100" jsxpadding="2" jsxname="TextInput_AnswerText" jsxtext="TextInput_AnswerText"/>
              <dynamics jsxbg="@Bevel TopDown" jsxborder="@Outset" jsxbgcolor="@Solid Disabled"/>
              <object type="jsx3.gui.TextBox">
                <variants jsxtop="0" jsxleft="250" jsxheight="20" jsxwidth="100" jsxzindex="10" jsxrelativeposition="0"/>
                <strings jsxvalue="" jsxdisplay="none" jsxname="TextInput_AnswerText"/>
                <events jsxincchange="com.intalio.ria.validate(this, objEVENT);" jsxfocus="com.intalio.ria.highlightTextInput(this, false);" jsxkeydown="1;" jsxchange="com.intalio.ria.validate(this, objEVENT);" jsxblur="com.intalio.ria.highlightTextInput(this, true);"/>
              </object>
            </object>
            <object type="jsx3.gui.Matrix.Column">
              <variants/>
              <strings jsxcellpadding="3" jsxpath="TextInput_Number" jsxwidth="100" jsxpadding="2" jsxname="TextInput_Number" jsxtext="TextInput_Number"/>
              <dynamics jsxbg="@Bevel TopDown" jsxborder="@Outset" jsxbgcolor="@Solid Disabled"/>
              <object type="jsx3.gui.TextBox">
                <variants jsxtop="0" jsxleft="350" jsxheight="20" jsxwidth="100" jsxzindex="10" jsxrelativeposition="0"/>
                <strings jsxvalue="" jsxdisplay="none" jsxname="TextInput_Number"/>
                <events jsxincchange="com.intalio.ria.validate(this, objEVENT);" jsxfocus="com.intalio.ria.highlightTextInput(this, false);" jsxkeydown="1;" jsxchange="com.intalio.ria.validate(this, objEVENT);" jsxblur="com.intalio.ria.highlightTextInput(this, true);"/>
              </object>
            </object>
            <object type="jsx3.gui.Matrix.Column">
              <variants/>
              <strings jsxcellpadding="3" jsxpath="TextInput_Type" jsxwidth="100" jsxpadding="2" jsxname="TextInput_Type" jsxtext="TextInput_Type"/>
              <dynamics jsxbg="@Bevel TopDown" jsxborder="@Outset" jsxbgcolor="@Solid Disabled"/>
              <object type="jsx3.gui.TextBox">
                <variants jsxtop="0" jsxleft="450" jsxheight="20" jsxwidth="182" jsxzindex="10" jsxrelativeposition="0"/>
                <strings jsxvalue="" jsxdisplay="none" jsxname="TextInput_Type"/>
                <events jsxincchange="com.intalio.ria.validate(this, objEVENT);" jsxfocus="com.intalio.ria.highlightTextInput(this, false);" jsxkeydown="1;" jsxchange="com.intalio.ria.validate(this, objEVENT);" jsxblur="com.intalio.ria.highlightTextInput(this, true);"/>
              </object>
            </object>
          </object>
        </object>
      </object>
      <object type="com.intalio.ria.Field">
        <variants/>
        <strings riaLabelText="MultipleChoice" jsxname="MultipleChoice-field" riaErrorImageSrc="images/error.gif" jsxclassname="field" riaHelpImageSrc="images/help.gif"/>
        <object type="jsx3.gui.Block">
          <variants jsxheight="110" jsxwidth="500" jsxoverflow="1"/>
          <strings jsxname="matrix-block" jsxrelativeposition="1"/>
          <object type="jsx3.gui.Matrix">
            <variants jsxautorow="1" jsxselectionmodel="0" jsxpagingmodel="1" jsxjsxxmlasync="1"/>
            <strings jsxsortdirection="descending" jsxbodyborder="1px solid #dfdfef" jsxheaderborder="1px solid #dfdfef" jsxxmlid="MultipleChoice-nomap" jsxsortpath="jsxtext-1" jsxsorttype="text" jsxname="MultipleChoice" jsxbgcolor="#efefff"/>
            <events jsxaftercommit="this.getParent().getParent().validate(this, objEVENT);"/>
            <xslparameters jsx_rowbg2="#efefff" jsx_rowbg1="#ffffff"/>
            <object type="jsx3.gui.Matrix.Column">
              <variants jsxwidth="50"/>
              <strings jsxcellpadding="1" jsxpadding="2" jsxtextalign="center" jsxname="deleteButtonColumn" jsxcelltextalign="center" jsxvaluetemplate="@empty" jsxtext="Delete"/>
              <dynamics jsxbg="@Bevel TopDown" jsxborder="@Outset" jsxbgcolor="@Solid Disabled"/>
              <object type="jsx3.gui.ImageButton">
                <variants jsxenabled="1" jsxstate="0" jsxheight="16" jsxwidth="16" jsxprefetch="1" jsxtype="0"/>
                <strings jsximage="jsx:///images/list/delete.gif" jsxname="deleteButtonMask"/>
                <events jsxexecute="this.getParent().getParent().deleteRecord(this.emGetSession().recordId, true);this.getParent().getParent().getParent().getParent().validate(this, objEVENT);"/>
              </object>
            </object>
            <object type="jsx3.gui.Matrix.Column">
              <variants/>
              <strings jsxpath="MultipleChoice_Section" jsxcellpadding="3" jsxwidth="100" jsxpadding="2" jsxname="MultipleChoice_Section" jsxtext="MultipleChoice_Section"/>
              <dynamics jsxbg="@Bevel TopDown" jsxbgcolor="@Solid Disabled" jsxborder="@Outset"/>
              <object type="jsx3.gui.TextBox">
                <variants jsxtop="0" jsxleft="50" jsxheight="20" jsxwidth="100" jsxzindex="10" jsxrelativeposition="0"/>
                <strings jsxvalue="" jsxdisplay="none" jsxname="MultipleChoice_Section"/>
                <events jsxkeydown="1;"/>
              </object>
            </object>
            <object type="jsx3.gui.Matrix.Column">
              <variants/>
              <strings jsxpath="MultipleChoice_Number" jsxcellpadding="3" jsxwidth="100" jsxpadding="2" jsxname="MultipleChoice_Number" jsxtext="MultipleChoice_Number"/>
              <dynamics jsxbg="@Bevel TopDown" jsxbgcolor="@Solid Disabled" jsxborder="@Outset"/>
              <object type="jsx3.gui.TextBox">
                <variants jsxtop="0" jsxleft="150" jsxheight="20" jsxwidth="100" jsxzindex="10" jsxrelativeposition="0"/>
                <strings jsxvalue="" jsxdisplay="none" jsxname="MultipleChoice_Number"/>
                <events jsxkeydown="1;"/>
              </object>
            </object>
            <object type="jsx3.gui.Matrix.Column">
              <variants/>
              <strings jsxpath="MultipleChoice_Question" jsxcellpadding="3" jsxwidth="100" jsxpadding="2" jsxname="MultipleChoice_Question" jsxtext="MultipleChoice_Question"/>
              <dynamics jsxbg="@Bevel TopDown" jsxbgcolor="@Solid Disabled" jsxborder="@Outset"/>
              <object type="jsx3.gui.TextBox">
                <variants jsxtop="0" jsxleft="250" jsxheight="20" jsxwidth="100" jsxzindex="10" jsxrelativeposition="0"/>
                <strings jsxvalue="" jsxdisplay="none" jsxname="MultipleChoice_Question"/>
                <events jsxkeydown="1;"/>
              </object>
            </object>
            <object type="jsx3.gui.Matrix.Column">
              <variants/>
              <strings jsxpath="MultipleChoice_Checked" jsxcellpadding="1" jsxwidth="100" jsxpadding="3" jsxname="MultipleChoice_Checked" jsxcelltextalign="center" jsxvaluetemplate="@empty" jsxtext="MultipleChoice_Checked"/>
              <dynamics jsxbg="@Bevel TopDown" jsxborder="@Outset" jsxbgcolor="@Solid Disabled"/>
              <object type="jsx3.gui.TextBox">
                <variants jsxtop="0" jsxleft="350" jsxheight="20" jsxwidth="100" jsxzindex="10" jsxrelativeposition="0"/>
                <strings jsxvalue="" jsxdisplay="none" jsxname="MultipleChoice_Checked"/>
                <events jsxkeydown="1;"/>
              </object>
            </object>
          </object>
        </object>
      </object>
      <object type="com.intalio.ria.Field">
        <variants/>
        <strings riaLabelText="[Text input label]" jsxname="User_PaivitaOlemassaoleva-field" riaErrorImageSrc="images/error.gif" jsxclassname="field" riaHelpImageSrc="images/help.gif"/>
        <object type="jsx3.gui.CheckBox">
          <variants jsxchecked="0" jsxheight="18"/>
          <strings jsxname="User_PaivitaOlemassaoleva" jsxmargin="0 4 0 0"/>
          <events jsxtoggle="uncheckTheOthers(&quot;PohjaNakyvyys&quot;,this.getName());"/>
        </object>
      </object>
    </object>
    <object type="jsx3.gui.Block">
      <variants/>
      <strings jsxwidth="100%" jsxname="IntalioInternal_SpacerBlock" jsxmargin="15 0 0 0" jsxborder="1px solid gray; 0px solid; 0px solid; 0px solid;"/>
    </object>
    <object type="jsx3.gui.Button">
      <variants jsxenabled="0" jsxheight="20"/>
      <strings jsxpadding="3 10 3 10" jsxdisplay="none" jsxname="IntalioInternal_StartButton" jsxmargin="15 10 15 0"/>
      <dynamics jsxtext="Intalio Start Button"/>
      <events jsxexecute="Intalio.Internal.TMS.callInitProcess();"/>
    </object>
    <object type="jsx3.gui.Button">
      <variants jsxenabled="0" jsxheight="20"/>
      <strings jsxpadding="3 10 3 10" jsxdisplay="none" jsxname="IntalioInternal_DismissButton" jsxmargin="15 10 15 0"/>
      <dynamics jsxtext="Intalio Dismiss Button"/>
      <events jsxexecute="Intalio.Internal.TMS.callComplete();"/>
    </object>
    <object type="jsx3.gui.Button">
      <variants jsxenabled="0" jsxheight="20"/>
      <strings jsxpadding="3 10 3 10" jsxdisplay="none" jsxname="IntalioInternal_SaveButton" jsxmargin="15 10 15 0"/>
      <dynamics jsxtext="Intalio Save Button"/>
      <events jsxexecute="Intalio.Internal.TMS.callSetOutput();"/>
    </object>
    <object type="jsx3.gui.Button">
      <variants jsxenabled="0" jsxheight="20"/>
      <strings jsxpadding="3 10 3 10" jsxdisplay="none" jsxname="IntalioInternal_ClaimButton" jsxmargin="15 10 15 0"/>
      <dynamics jsxtext="Intalio Claim Button"/>
      <events jsxexecute="Intalio.Internal.TMP.callClaimTask();"/>
    </object>
    <object type="jsx3.gui.Button">
      <variants jsxenabled="0" jsxheight="20"/>
      <strings jsxpadding="3 10 3 10" jsxdisplay="none" jsxname="IntalioInternal_RevokeButton" jsxmargin="15 10 15 0"/>
      <dynamics jsxtext="Intalio Revoke Button"/>
      <events jsxexecute="Intalio.Internal.TMP.callRevokeTask();"/>
    </object>
    <object type="jsx3.gui.Button">
      <variants jsxenabled="0" jsxheight="20"/>
      <strings jsxpadding="3 10 3 10" jsxdisplay="none" jsxname="IntalioInternal_CompleteButton" jsxmargin="15 10 15 0"/>
      <dynamics jsxtext="Intalio Complete Button"/>
      <events jsxexecute="Intalio.Internal.TMP.callCompleteTask();"/>
    </object>
  </object>
</serialization>